3D InterOp IGES (v. 2025 1.0.0), Spatial Corp. Copyright (c) 1999-2020. S      1
1H,,1H;,1H ,20Hai-3035-tt-12v-r.igs,13HSpatial Corp.,20H3D InterOp ACIS/G      1
IGES,32,38, 6,308,15,1H ,1.000,2,2HMM,1,1.000,15H20250601.030648,       G      2
1.0e-06,0.00,10HTraceParts,15HTraceParts S.A.,11,0,15H20250601.030648;  G      3
     314       1       0       0       0       0       0       000010001D      1
     314       0       0       2       0       0       0               0D      2
     314       3       0       0       0       0       0       000010001D      3
     314       0       0       2       0       0       0               0D      4
     128       5       0       0       0       0       0       000010001D      5
     128       0      -3      12       0       0       0               0D      6
     126      17       0       0       0       0       0       000010001D      7
     126       0       0       2       0       0       0               0D      8
     502      19       0       0       0       0       0       000010001D      9
     502       0       0      32       1       0       0               0D     10
     126      51       0       0       0       0       0       000010001D     11
     126       0       0       6       0       0       0               0D     12
     126      57       0       0       0       0       0       000010001D     13
     126       0       0       1       0       0       0               0D     14
     126      58       0       0       0       0       0       000010001D     15
     126       0       0       2       0       0       0               0D     16
     126      60       0       0       0       0       0       000010001D     17
     126       0       0       6       0       0       0               0D     18
     126      66       0       0       0       0       0       000010001D     19
     126       0       0       2       0       0       0               0D     20
     126      68       0       0       0       0       0       000010001D     21
     126       0       0       6       0       0       0               0D     22
     126      74       0       0       0       0       0       000010001D     23
     126       0       0       2       0       0       0               0D     24
     126      76       0       0       0       0       0       000010001D     25
     126       0       0       6       0       0       0               0D     26
     126      82       0       0       0       0       0       000010001D     27
     126       0       0       3       0       0       0               0D     28
     126      85       0       0       0       0       0       000010001D     29
     126       0       0       3       0       0       0               0D     30
     126      88       0       0       0       0       0       000010001D     31
     126       0       0       6       0       0       0               0D     32
     126      94       0       0       0       0       0       000010001D     33
     126       0       0       2       0       0       0               0D     34
     126      96       0       0       0       0       0       000010001D     35
     126       0       0       6       0       0       0               0D     36
     126     102       0       0       0       0       0       000010001D     37
     126       0       0       2       0       0       0               0D     38
     126     104       0       0       0       0       0       000010001D     39
     126       0       0       6       0       0       0               0D     40
     126     110       0       0       0       0       0       000010001D     41
     126       0       0       2       0       0       0               0D     42
     126     112       0       0       0       0       0       000010001D     43
     126       0       0       2       0       0       0               0D     44
     126     114       0       0       0       0       0       000010001D     45
     126       0       0       7       0       0       0               0D     46
     126     121       0       0       0       0       0       000010001D     47
     126       0       0       2       0       0       0               0D     48
     126     123       0       0       0       0       0       000010001D     49
     126       0       0       2       0       0       0               0D     50
     126     125       0       0       0       0       0       000010001D     51
     126       0       0       2       0       0       0               0D     52
     126     127       0       0       0       0       0       000010001D     53
     126       0       0       2       0       0       0               0D     54
     126     129       0       0       0       0       0       000010001D     55
     126       0       0       2       0       0       0               0D     56
     126     131       0       0       0       0       0       000010001D     57
     126       0       0       3       0       0       0               0D     58
     126     134       0       0       0       0       0       000010001D     59
     126       0       0       4       0       0       0               0D     60
     126     138       0       0       0       0       0       000010001D     61
     126       0       0       5       0       0       0               0D     62
     126     143       0       0       0       0       0       000010001D     63
     126       0       0       3       0       0       0               0D     64
     126     146       0       0       0       0       0       000010001D     65
     126       0       0       2       0       0       0               0D     66
     126     148       0       0       0       0       0       000010001D     67
     126       0       0       4       0       0       0               0D     68
     126     152       0       0       0       0       0       000010001D     69
     126       0       0       5       0       0       0               0D     70
     126     157       0       0       0       0       0       000010001D     71
     126       0       0       3       0       0       0               0D     72
     126     160       0       0       0       0       0       000010001D     73
     126       0       0       3       0       0       0               0D     74
     126     163       0       0       0       0       0       000010001D     75
     126       0       0       5       0       0       0               0D     76
     126     168       0       0       0       0       0       000010001D     77
     126       0       0       5       0       0       0               0D     78
     126     173       0       0       0       0       0       000010001D     79
     126       0       0       5       0       0       0               0D     80
     126     178       0       0       0       0       0       000010001D     81
     126       0       0       8       0       0       0               0D     82
     126     186       0       0       0       0       0       000010001D     83
     126       0       0       6       0       0       0               0D     84
     126     192       0       0       0       0       0       000010001D     85
     126       0       0       3       0       0       0               0D     86
     126     195       0       0       0       0       0       000010001D     87
     126       0       0       5       0       0       0               0D     88
     126     200       0       0       0       0       0       000010001D     89
     126       0       0       2       0       0       0               0D     90
     126     202       0       0       0       0       0       000010001D     91
     126       0       0       6       0       0       0               0D     92
     126     208       0       0       0       0       0       000010001D     93
     126       0       0       3       0       0       0               0D     94
     126     211       0       0       0       0       0       000010001D     95
     126       0       0       2       0       0       0               0D     96
     126     213       0       0       0       0       0       000010001D     97
     126       0       0       6       0       0       0               0D     98
     126     219       0       0       0       0       0       000010001D     99
     126       0       0       3       0       0       0               0D    100
     126     222       0       0       0       0       0       000010001D    101
     126       0       0       2       0       0       0               0D    102
     126     224       0       0       0       0       0       000010001D    103
     126       0       0       6       0       0       0               0D    104
     126     230       0       0       0       0       0       000010001D    105
     126       0       0       3       0       0       0               0D    106
     126     233       0       0       0       0       0       000010001D    107
     126       0       0       2       0       0       0               0D    108
     126     235       0       0       0       0       0       000010001D    109
     126       0       0       6       0       0       0               0D    110
     126     241       0       0       0       0       0       000010001D    111
     126       0       0       2       0       0       0               0D    112
     126     243       0       0       0       0       0       000010001D    113
     126       0       0       5       0       0       0               0D    114
     126     248       0       0       0       0       0       000010001D    115
     126       0       0       3       0       0       0               0D    116
     126     251       0       0       0       0       0       000010001D    117
     126       0       0       3       0       0       0               0D    118
     126     254       0       0       0       0       0       000010001D    119
     126       0       0       2       0       0       0               0D    120
     126     256       0       0       0       0       0       000010001D    121
     126       0       0       2       0       0       0               0D    122
     126     258       0       0       0       0       0       000010001D    123
     126       0       0       6       0       0       0               0D    124
     126     264       0       0       0       0       0       000010001D    125
     126       0       0       3       0       0       0               0D    126
     126     267       0       0       0       0       0       000010001D    127
     126       0       0       3       0       0       0               0D    128
     126     270       0       0       0       0       0       000010001D    129
     126       0       0       2       0       0       0               0D    130
     126     272       0       0       0       0       0       000010001D    131
     126       0       0       8       0       0       0               0D    132
     126     280       0       0       0       0       0       000010001D    133
     126       0       0       2       0       0       0               0D    134
     126     282       0       0       0       0       0       000010001D    135
     126       0       0       6       0       0       0               0D    136
     126     288       0       0       0       0       0       000010001D    137
     126       0       0       2       0       0       0               0D    138
     126     290       0       0       0       0       0       000010001D    139
     126       0       0       2       0       0       0               0D    140
     126     292       0       0       0       0       0       000010001D    141
     126       0       0       5       0       0       0               0D    142
     126     297       0       0       0       0       0       000010001D    143
     126       0       0       5       0       0       0               0D    144
     126     302       0       0       0       0       0       000010001D    145
     126       0       0       4       0       0       0               0D    146
     126     306       0       0       0       0       0       000010001D    147
     126       0       0       4       0       0       0               0D    148
     126     310       0       0       0       0       0       000010001D    149
     126       0       0       3       0       0       0               0D    150
     126     313       0       0       0       0       0       000010001D    151
     126       0       0       2       0       0       0               0D    152
     126     315       0       0       0       0       0       000010001D    153
     126       0       0       6       0       0       0               0D    154
     126     321       0       0       0       0       0       000010001D    155
     126       0       0       5       0       0       0               0D    156
     126     326       0       0       0       0       0       000010001D    157
     126       0       0       5       0       0       0               0D    158
     126     331       0       0       0       0       0       000010001D    159
     126       0       0       6       0       0       0               0D    160
     126     337       0       0       0       0       0       000010001D    161
     126       0       0       4       0       0       0               0D    162
     126     341       0       0       0       0       0       000010001D    163
     126       0       0       4       0       0       0               0D    164
     126     345       0       0       0       0       0       000010001D    165
     126       0       0       4       0       0       0               0D    166
     126     349       0       0       0       0       0       000010001D    167
     126       0       0       2       0       0       0               0D    168
     126     351       0       0       0       0       0       000010001D    169
     126       0       0       3       0       0       0               0D    170
     126     354       0       0       0       0       0       000010001D    171
     126       0       0       8       0       0       0               0D    172
     126     362       0       0       0       0       0       000010001D    173
     126       0       0       6       0       0       0               0D    174
     126     368       0       0       0       0       0       000010001D    175
     126       0       0       6       0       0       0               0D    176
     126     374       0       0       0       0       0       000010001D    177
     126       0       0       4       0       0       0               0D    178
     126     378       0       0       0       0       0       000010001D    179
     126       0       0       3       0       0       0               0D    180
     126     381       0       0       0       0       0       000010001D    181
     126       0       0       3       0       0       0               0D    182
     126     384       0       0       0       0       0       000010001D    183
     126       0       0       6       0       0       0               0D    184
     126     390       0       0       0       0       0       000010001D    185
     126       0       0       3       0       0       0               0D    186
     126     393       0       0       0       0       0       000010001D    187
     126       0       0       4       0       0       0               0D    188
     126     397       0       0       0       0       0       000010001D    189
     126       0       0       2       0       0       0               0D    190
     126     399       0       0       0       0       0       000010001D    191
     126       0       0       4       0       0       0               0D    192
     126     403       0       0       0       0       0       000010001D    193
     126       0       0       6       0       0       0               0D    194
     126     409       0       0       0       0       0       000010001D    195
     126       0       0       5       0       0       0               0D    196
     126     414       0       0       0       0       0       000010001D    197
     126       0       0       3       0       0       0               0D    198
     126     417       0       0       0       0       0       000010001D    199
     126       0       0       2       0       0       0               0D    200
     126     419       0       0       0       0       0       000010001D    201
     126       0       0       2       0       0       0               0D    202
     126     421       0       0       0       0       0       000010001D    203
     126       0       0       3       0       0       0               0D    204
     126     424       0       0       0       0       0       000010001D    205
     126       0       0       5       0       0       0               0D    206
     126     429       0       0       0       0       0       000010001D    207
     126       0       0       3       0       0       0               0D    208
     126     432       0       0       0       0       0       000010001D    209
     126       0       0       4       0       0       0               0D    210
     126     436       0       0       0       0       0       000010001D    211
     126       0       0       3       0       0       0               0D    212
     126     439       0       0       0       0       0       000010001D    213
     126       0       0       6       0       0       0               0D    214
     126     445       0       0       0       0       0       000010001D    215
     126       0       0       2       0       0       0               0D    216
     126     447       0       0       0       0       0       000010001D    217
     126       0       0       6       0       0       0               0D    218
     126     453       0       0       0       0       0       000010001D    219
     126       0       0       3       0       0       0               0D    220
     126     456       0       0       0       0       0       000010001D    221
     126       0       0       6       0       0       0               0D    222
     126     462       0       0       0       0       0       000010001D    223
     126       0       0       5       0       0       0               0D    224
     126     467       0       0       0       0       0       000010001D    225
     126       0       0       6       0       0       0               0D    226
     126     473       0       0       0       0       0       000010001D    227
     126       0       0       6       0       0       0               0D    228
     126     479       0       0       0       0       0       000010001D    229
     126       0       0       3       0       0       0               0D    230
     126     482       0       0       0       0       0       000010001D    231
     126       0       0       2       0       0       0               0D    232
     126     484       0       0       0       0       0       000010001D    233
     126       0       0       3       0       0       0               0D    234
     126     487       0       0       0       0       0       000010001D    235
     126       0       0       2       0       0       0               0D    236
     126     489       0       0       0       0       0       000010001D    237
     126       0       0       3       0       0       0               0D    238
     126     492       0       0       0       0       0       000010001D    239
     126       0       0       2       0       0       0               0D    240
     126     494       0       0       0       0       0       000010001D    241
     126       0       0       2       0       0       0               0D    242
     126     496       0       0       0       0       0       000010001D    243
     126       0       0       3       0       0       0               0D    244
     126     499       0       0       0       0       0       000010001D    245
     126       0       0       2       0       0       0               0D    246
     126     501       0       0       0       0       0       000010001D    247
     126       0       0       3       0       0       0               0D    248
     126     504       0       0       0       0       0       000010001D    249
     126       0       0       3       0       0       0               0D    250
     126     507       0       0       0       0       0       000010001D    251
     126       0       0       2       0       0       0               0D    252
     126     509       0       0       0       0       0       000010001D    253
     126       0       0       2       0       0       0               0D    254
     126     511       0       0       0       0       0       000010001D    255
     126       0       0       3       0       0       0               0D    256
     126     514       0       0       0       0       0       000010001D    257
     126       0       0       2       0       0       0               0D    258
     126     516       0       0       0       0       0       000010001D    259
     126       0       0       2       0       0       0               0D    260
     126     518       0       0       0       0       0       000010001D    261
     126       0       0       2       0       0       0               0D    262
     126     520       0       0       0       0       0       000010001D    263
     126       0       0       3       0       0       0               0D    264
     126     523       0       0       0       0       0       000010001D    265
     126       0       0       2       0       0       0               0D    266
     126     525       0       0       0       0       0       000010001D    267
     126       0       0       3       0       0       0               0D    268
     126     528       0       0       0       0       0       000010001D    269
     126       0       0       2       0       0       0               0D    270
     126     530       0       0       0       0       0       000010001D    271
     126       0       0       2       0       0       0               0D    272
     126     532       0       0       0       0       0       000010001D    273
     126       0       0       3       0       0       0               0D    274
     126     535       0       0       0       0       0       000010001D    275
     126       0       0       3       0       0       0               0D    276
     126     538       0       0       0       0       0       000010001D    277
     126       0       0       2       0       0       0               0D    278
     126     540       0       0       0       0       0       000010001D    279
     126       0       0       3       0       0       0               0D    280
     126     543       0       0       0       0       0       000010001D    281
     126       0       0       3       0       0       0               0D    282
     126     546       0       0       0       0       0       000010001D    283
     126       0       0       2       0       0       0               0D    284
     126     548       0       0       0       0       0       000010001D    285
     126       0       0       6       0       0       0               0D    286
     126     554       0       0       0       0       0       000010001D    287
     126       0       0       6       0       0       0               0D    288
     126     560       0       0       0       0       0       000010001D    289
     126       0       0       6       0       0       0               0D    290
     126     566       0       0       0       0       0       000010001D    291
     126       0       0       6       0       0       0               0D    292
     126     572       0       0       0       0       0       000010001D    293
     126       0       0       6       0       0       0               0D    294
     504     578       0       0       0       0       0       000010001D    295
     504       0       0      31       1       0       0               0D    296
     508     609       0       0       0       0       0       000010001D    297
     508       0       0       1       1       0       0               0D    298
     510     610       0       0       0       0       0       000010001D    299
     510       0       0       1       1       0       0               0D    300
     314     611       0       0       0       0       0       000010001D    301
     314       0       0       2       0       0       0               0D    302
     128     613       0       0       0       0       0       000010001D    303
     128       0    -301      12       0       0       0               0D    304
     508     625       0       0       0       0       0       000010001D    305
     508       0       0       1       1       0       0               0D    306
     510     626       0       0       0       0       0       000010001D    307
     510       0       0       1       1       0       0               0D    308
     314     627       0       0       0       0       0       000010001D    309
     314       0       0       2       0       0       0               0D    310
     128     629       0       0       0       0       0       000010001D    311
     128       0    -309      12       0       0       0               0D    312
     508     641       0       0       0       0       0       000010001D    313
     508       0       0       1       1       0       0               0D    314
     510     642       0       0       0       0       0       000010001D    315
     510       0       0       1       1       0       0               0D    316
     128     643       0       0       0       0       0       000010001D    317
     128       0       1      12       0       0       0               0D    318
     508     655       0       0       0       0       0       000010001D    319
     508       0       0       1       1       0       0               0D    320
     510     656       0       0       0       0       0       000010001D    321
     510       0       0       1       1       0       0               0D    322
     314     657       0       0       0       0       0       000010001D    323
     314       0       0       2       0       0       0               0D    324
     128     659       0       0       0       0       0       000010001D    325
     128       0    -323      25       0       0       0               0D    326
     508     684       0       0       0       0       0       000010001D    327
     508       0       0       2       1       0       0               0D    328
     510     686       0       0       0       0       0       000010001D    329
     510       0       0       1       1       0       0               0D    330
     128     687       0       0       0       0       0       000010001D    331
     128       0       0      12       0       0       0               0D    332
     508     699       0       0       0       0       0       000010001D    333
     508       0       0       1       1       0       0               0D    334
     510     700       0       0       0       0       0       000010001D    335
     510       0       0       1       1       0       0               0D    336
     128     701       0       0       0       0       0       000010001D    337
     128       0       0      12       0       0       0               0D    338
     508     713       0       0       0       0       0       000010001D    339
     508       0       0       1       1       0       0               0D    340
     510     714       0       0       0       0       0       000010001D    341
     510       0       0       1       1       0       0               0D    342
     128     715       0       0       0       0       0       000010001D    343
     128       0       1      13       0       0       0               0D    344
     508     728       0       0       0       0       0       000010001D    345
     508       0       0       3       1       0       0               0D    346
     510     731       0       0       0       0       0       000010001D    347
     510       0       0       1       1       0       0               0D    348
     128     732       0       0       0       0       0       000010001D    349
     128       0       1      25       0       0       0               0D    350
     508     757       0       0       0       0       0       000010001D    351
     508       0       0       2       1       0       0               0D    352
     510     759       0       0       0       0       0       000010001D    353
     510       0       0       1       1       0       0               0D    354
     128     760       0       0       0       0       0       000010001D    355
     128       0       1      24       0       0       0               0D    356
     508     784       0       0       0       0       0       000010001D    357
     508       0       0       2       1       0       0               0D    358
     510     786       0       0       0       0       0       000010001D    359
     510       0       0       1       1       0       0               0D    360
     128     787       0       0       0       0       0       000010001D    361
     128       0       1      13       0       0       0               0D    362
     508     800       0       0       0       0       0       000010001D    363
     508       0       0       3       1       0       0               0D    364
     510     803       0       0       0       0       0       000010001D    365
     510       0       0       1       1       0       0               0D    366
     128     804       0       0       0       0       0       000010001D    367
     128       0       1       3       0       0       0               0D    368
     508     807       0       0       0       0       0       000010001D    369
     508       0       0       1       1       0       0               0D    370
     508     808       0       0       0       0       0       000010001D    371
     508       0       0       1       1       0       0               0D    372
     510     809       0       0       0       0       0       000010001D    373
     510       0       0       1       1       0       0               0D    374
     128     810       0       0       0       0       0       000010001D    375
     128       0       1       5       0       0       0               0D    376
     508     815       0       0       0       0       0       000010001D    377
     508       0       0       1       1       0       0               0D    378
     510     816       0       0       0       0       0       000010001D    379
     510       0       0       1       1       0       0               0D    380
     128     817       0       0       0       0       0       000010001D    381
     128       0       1      20       0       0       0               0D    382
     508     837       0       0       0       0       0       000010001D    383
     508       0       0       1       1       0       0               0D    384
     510     838       0       0       0       0       0       000010001D    385
     510       0       0       1       1       0       0               0D    386
     128     839       0       0       0       0       0       000010001D    387
     128       0       1       5       0       0       0               0D    388
     508     844       0       0       0       0       0       000010001D    389
     508       0       0       1       1       0       0               0D    390
     510     845       0       0       0       0       0       000010001D    391
     510       0       0       1       1       0       0               0D    392
     128     846       0       0       0       0       0       000010001D    393
     128       0       1       6       0       0       0               0D    394
     508     852       0       0       0       0       0       000010001D    395
     508       0       0       1       1       0       0               0D    396
     510     853       0       0       0       0       0       000010001D    397
     510       0       0       1       1       0       0               0D    398
     128     854       0       0       0       0       0       000010001D    399
     128       0       1       5       0       0       0               0D    400
     508     859       0       0       0       0       0       000010001D    401
     508       0       0       1       1       0       0               0D    402
     510     860       0       0       0       0       0       000010001D    403
     510       0       0       1       1       0       0               0D    404
     128     861       0       0       0       0       0       000010001D    405
     128       0       1      20       0       0       0               0D    406
     508     881       0       0       0       0       0       000010001D    407
     508       0       0       1       1       0       0               0D    408
     510     882       0       0       0       0       0       000010001D    409
     510       0       0       1       1       0       0               0D    410
     128     883       0       0       0       0       0       000010001D    411
     128       0       1       5       0       0       0               0D    412
     508     888       0       0       0       0       0       000010001D    413
     508       0       0       1       1       0       0               0D    414
     510     889       0       0       0       0       0       000010001D    415
     510       0       0       1       1       0       0               0D    416
     128     890       0       0       0       0       0       000010001D    417
     128       0       1       6       0       0       0               0D    418
     508     896       0       0       0       0       0       000010001D    419
     508       0       0       1       1       0       0               0D    420
     510     897       0       0       0       0       0       000010001D    421
     510       0       0       1       1       0       0               0D    422
     128     898       0       0       0       0       0       000010001D    423
     128       0       1      20       0       0       0               0D    424
     508     918       0       0       0       0       0       000010001D    425
     508       0       0       1       1       0       0               0D    426
     510     919       0       0       0       0       0       000010001D    427
     510       0       0       1       1       0       0               0D    428
     128     920       0       0       0       0       0       000010001D    429
     128       0       1       4       0       0       0               0D    430
     508     924       0       0       0       0       0       000010001D    431
     508       0       0       1       1       0       0               0D    432
     510     925       0       0       0       0       0       000010001D    433
     510       0       0       1       1       0       0               0D    434
     128     926       0       0       0       0       0       000010001D    435
     128       0       1       4       0       0       0               0D    436
     508     930       0       0       0       0       0       000010001D    437
     508       0       0       1       1       0       0               0D    438
     510     931       0       0       0       0       0       000010001D    439
     510       0       0       1       1       0       0               0D    440
     128     932       0       0       0       0       0       000010001D    441
     128       0       1       4       0       0       0               0D    442
     508     936       0       0       0       0       0       000010001D    443
     508       0       0       2       1       0       0               0D    444
     510     938       0       0       0       0       0       000010001D    445
     510       0       0       1       1       0       0               0D    446
     128     939       0       0       0       0       0       000010001D    447
     128       0       1       4       0       0       0               0D    448
     508     943       0       0       0       0       0       000010001D    449
     508       0       0       2       1       0       0               0D    450
     510     945       0       0       0       0       0       000010001D    451
     510       0       0       1       1       0       0               0D    452
     128     946       0       0       0       0       0       000010001D    453
     128       0       1       6       0       0       0               0D    454
     508     952       0       0       0       0       0       000010001D    455
     508       0       0       2       1       0       0               0D    456
     510     954       0       0       0       0       0       000010001D    457
     510       0       0       1       1       0       0               0D    458
     128     955       0       0       0       0       0       000010001D    459
     128       0       0      12       0       0       0               0D    460
     508     967       0       0       0       0       0       000010001D    461
     508       0       0       1       1       0       0               0D    462
     510     968       0       0       0       0       0       000010001D    463
     510       0       0       1       1       0       0               0D    464
     128     969       0       0       0       0       0       000010001D    465
     128       0       0       3       0       0       0               0D    466
     508     972       0       0       0       0       0       000010001D    467
     508       0       0       1       1       0       0               0D    468
     510     973       0       0       0       0       0       000010001D    469
     510       0       0       1       1       0       0               0D    470
     128     974       0       0       0       0       0       000010001D    471
     128       0       0      12       0       0       0               0D    472
     508     986       0       0       0       0       0       000010001D    473
     508       0       0       1       1       0       0               0D    474
     510     987       0       0       0       0       0       000010001D    475
     510       0       0       1       1       0       0               0D    476
     128     988       0       0       0       0       0       000010001D    477
     128       0       0       3       0       0       0               0D    478
     508     991       0       0       0       0       0       000010001D    479
     508       0       0       1       1       0       0               0D    480
     510     992       0       0       0       0       0       000010001D    481
     510       0       0       1       1       0       0               0D    482
     314     993       0       0       0       0       0       000010001D    483
     314       0       0       2       0       0       0               0D    484
     128     995       0       0       0       0       0       000010001D    485
     128       0    -483      25       0       0       0               0D    486
     508    1020       0       0       0       0       0       000010001D    487
     508       0       0       2       1       0       0               0D    488
     510    1022       0       0       0       0       0       000010001D    489
     510       0       0       1       1       0       0               0D    490
     314    1023       0       0       0       0       0       000010001D    491
     314       0       0       2       0       0       0               0D    492
     128    1025       0       0       0       0       0       000010001D    493
     128       0    -491       3       0       0       0               0D    494
     508    1028       0       0       0       0       0       000010001D    495
     508       0       0       1       1       0       0               0D    496
     508    1029       0       0       0       0       0       000010001D    497
     508       0       0       1       1       0       0               0D    498
     508    1030       0       0       0       0       0       000010001D    499
     508       0       0       1       1       0       0               0D    500
     510    1031       0       0       0       0       0       000010001D    501
     510       0       0       1       1       0       0               0D    502
     314    1032       0       0       0       0       0       000010001D    503
     314       0       0       1       0       0       0               0D    504
     128    1033       0       0       0       0       0       000010001D    505
     128       0    -503       3       0       0       0               0D    506
     508    1036       0       0       0       0       0       000010001D    507
     508       0       0       1       1       0       0               0D    508
     510    1037       0       0       0       0       0       000010001D    509
     510       0       0       1       1       0       0               0D    510
     128    1038       0       0       0       0       0       000010001D    511
     128       0       1      12       0       0       0               0D    512
     508    1050       0       0       0       0       0       000010001D    513
     508       0       0       1       1       0       0               0D    514
     510    1051       0       0       0       0       0       000010001D    515
     510       0       0       1       1       0       0               0D    516
     128    1052       0       0       0       0       0       000010001D    517
     128       0       1       4       0       0       0               0D    518
     508    1056       0       0       0       0       0       000010001D    519
     508       0       0       2       1       0       0               0D    520
     510    1058       0       0       0       0       0       000010001D    521
     510       0       0       1       1       0       0               0D    522
     128    1059       0       0       0       0       0       000010001D    523
     128       0       1       3       0       0       0               0D    524
     508    1062       0       0       0       0       0       000010001D    525
     508       0       0       1       1       0       0               0D    526
     510    1063       0       0       0       0       0       000010001D    527
     510       0       0       1       1       0       0               0D    528
     128    1064       0       0       0       0       0       000010001D    529
     128       0       1       3       0       0       0               0D    530
     508    1067       0       0       0       0       0       000010001D    531
     508       0       0       1       1       0       0               0D    532
     510    1068       0       0       0       0       0       000010001D    533
     510       0       0       1       1       0       0               0D    534
     128    1069       0       0       0       0       0       000010001D    535
     128       0       1       3       0       0       0               0D    536
     508    1072       0       0       0       0       0       000010001D    537
     508       0       0       1       1       0       0               0D    538
     510    1073       0       0       0       0       0       000010001D    539
     510       0       0       1       1       0       0               0D    540
     128    1074       0       0       0       0       0       000010001D    541
     128       0       1       3       0       0       0               0D    542
     508    1077       0       0       0       0       0       000010001D    543
     508       0       0       1       1       0       0               0D    544
     510    1078       0       0       0       0       0       000010001D    545
     510       0       0       1       1       0       0               0D    546
     128    1079       0       0       0       0       0       000010001D    547
     128       0       1       3       0       0       0               0D    548
     508    1082       0       0       0       0       0       000010001D    549
     508       0       0       1       1       0       0               0D    550
     510    1083       0       0       0       0       0       000010001D    551
     510       0       0       1       1       0       0               0D    552
     128    1084       0       0       0       0       0       000010001D    553
     128       0       1       3       0       0       0               0D    554
     508    1087       0       0       0       0       0       000010001D    555
     508       0       0       1       1       0       0               0D    556
     510    1088       0       0       0       0       0       000010001D    557
     510       0       0       1       1       0       0               0D    558
     128    1089       0       0       0       0       0       000010001D    559
     128       0       1       3       0       0       0               0D    560
     508    1092       0       0       0       0       0       000010001D    561
     508       0       0       1       1       0       0               0D    562
     510    1093       0       0       0       0       0       000010001D    563
     510       0       0       1       1       0       0               0D    564
     128    1094       0       0       0       0       0       000010001D    565
     128       0       1       3       0       0       0               0D    566
     508    1097       0       0       0       0       0       000010001D    567
     508       0       0       1       1       0       0               0D    568
     510    1098       0       0       0       0       0       000010001D    569
     510       0       0       1       1       0       0               0D    570
     128    1099       0       0       0       0       0       000010001D    571
     128       0       1       3       0       0       0               0D    572
     508    1102       0       0       0       0       0       000010001D    573
     508       0       0       1       1       0       0               0D    574
     510    1103       0       0       0       0       0       000010001D    575
     510       0       0       1       1       0       0               0D    576
     128    1104       0       0       0       0       0       000010001D    577
     128       0       1       3       0       0       0               0D    578
     508    1107       0       0       0       0       0       000010001D    579
     508       0       0       1       1       0       0               0D    580
     510    1108       0       0       0       0       0       000010001D    581
     510       0       0       1       1       0       0               0D    582
     128    1109       0       0       0       0       0       000010001D    583
     128       0       1       3       0       0       0               0D    584
     508    1112       0       0       0       0       0       000010001D    585
     508       0       0       1       1       0       0               0D    586
     510    1113       0       0       0       0       0       000010001D    587
     510       0       0       1       1       0       0               0D    588
     128    1114       0       0       0       0       0       000010001D    589
     128       0       1       3       0       0       0               0D    590
     508    1117       0       0       0       0       0       000010001D    591
     508       0       0       1       1       0       0               0D    592
     510    1118       0       0       0       0       0       000010001D    593
     510       0       0       1       1       0       0               0D    594
     128    1119       0       0       0       0       0       000010001D    595
     128       0       1       3       0       0       0               0D    596
     508    1122       0       0       0       0       0       000010001D    597
     508       0       0       1       1       0       0               0D    598
     510    1123       0       0       0       0       0       000010001D    599
     510       0       0       1       1       0       0               0D    600
     128    1124       0       0       0       0       0       000010001D    601
     128       0       1       3       0       0       0               0D    602
     508    1127       0       0       0       0       0       000010001D    603
     508       0       0       1       1       0       0               0D    604
     510    1128       0       0       0       0       0       000010001D    605
     510       0       0       1       1       0       0               0D    606
     128    1129       0       0       0       0       0       000010001D    607
     128       0       1       3       0       0       0               0D    608
     508    1132       0       0       0       0       0       000010001D    609
     508       0       0       1       1       0       0               0D    610
     510    1133       0       0       0       0       0       000010001D    611
     510       0       0       1       1       0       0               0D    612
     128    1134       0       0       0       0       0       000010001D    613
     128       0       1       3       0       0       0               0D    614
     508    1137       0       0       0       0       0       000010001D    615
     508       0       0       1       1       0       0               0D    616
     510    1138       0       0       0       0       0       000010001D    617
     510       0       0       1       1       0       0               0D    618
     128    1139       0       0       0       0       0       000010001D    619
     128       0       1       3       0       0       0               0D    620
     508    1142       0       0       0       0       0       000010001D    621
     508       0       0       1       1       0       0               0D    622
     510    1143       0       0       0       0       0       000010001D    623
     510       0       0       1       1       0       0               0D    624
     128    1144       0       0       0       0       0       000010001D    625
     128       0       1       2       0       0       0               0D    626
     508    1146       0       0       0       0       0       000010001D    627
     508       0       0       3       1       0       0               0D    628
     510    1149       0       0       0       0       0       000010001D    629
     510       0       0       1       1       0       0               0D    630
     314    1150       0       0       0       0       0       000010001D    631
     314       0       0       2       0       0       0               0D    632
     128    1152       0       0       0       0       0       000010001D    633
     128       0    -631      12       0       0       0               0D    634
     508    1164       0       0       0       0       0       000010001D    635
     508       0       0       1       1       0       0               0D    636
     510    1165       0       0       0       0       0       000010001D    637
     510       0       0       1       1       0       0               0D    638
     314    1166       0       0       0       0       0       000010001D    639
     314       0       0       2       0       0       0               0D    640
     128    1168       0       0       0       0       0       000010001D    641
     128       0    -639      12       0       0       0               0D    642
     508    1180       0       0       0       0       0       000010001D    643
     508       0       0       1       1       0       0               0D    644
     510    1181       0       0       0       0       0       000010001D    645
     510       0       0       1       1       0       0               0D    646
     314    1182       0       0       0       0       0       000010001D    647
     314       0       0       2       0       0       0               0D    648
     128    1184       0       0       0       0       0       000010001D    649
     128       0    -647      12       0       0       0               0D    650
     508    1196       0       0       0       0       0       000010001D    651
     508       0       0       1       1       0       0               0D    652
     510    1197       0       0       0       0       0       000010001D    653
     510       0       0       1       1       0       0               0D    654
     314    1198       0       0       0       0       0       000010001D    655
     314       0       0       2       0       0       0               0D    656
     128    1200       0       0       0       0       0       000010001D    657
     128       0    -655       3       0       0       0               0D    658
     508    1203       0       0       0       0       0       000010001D    659
     508       0       0       1       1       0       0               0D    660
     508    1204       0       0       0       0       0       000010001D    661
     508       0       0       1       1       0       0               0D    662
     508    1205       0       0       0       0       0       000010001D    663
     508       0       0       1       1       0       0               0D    664
     510    1206       0       0       0       0       0       000010001D    665
     510       0       0       1       1       0       0               0D    666
     314    1207       0       0       0       0       0       000010001D    667
     314       0       0       2       0       0       0               0D    668
     128    1209       0       0       0       0       0       000010001D    669
     128       0    -667       2       0       0       0               0D    670
     508    1211       0       0       0       0       0       000010001D    671
     508       0       0       1       1       0       0               0D    672
     508    1212       0       0       0       0       0       000010001D    673
     508       0       0       1       1       0       0               0D    674
     508    1213       0       0       0       0       0       000010001D    675
     508       0       0       3       1       0       0               0D    676
     508    1216       0       0       0       0       0       000010001D    677
     508       0       0       1       1       0       0               0D    678
     508    1217       0       0       0       0       0       000010001D    679
     508       0       0       1       1       0       0               0D    680
     510    1218       0       0       0       0       0       000010001D    681
     510       0       0       1       1       0       0               0D    682
     514    1219       0       0       0       0       0       000010001D    683
     514       0       0       6       1       0       0               0D    684
     186    1225       0       0       0       0       0       000000001D    685
     186       0      -1       1       0       0       0  Solid1       0D    686
314,74.90196228027344,74.90196228027344,74.90196228027344,10HMix       1P      1
edColor;                                                               1P      2
314,1.96078438311815,1.96078438311815,1.96078438311815,10HMixedC       3P      3
olor;                                                                  3P      4
128,1,8,1,2,0,1,0,0,1,0.15,0.15,0.15384615384615,                      5P      5
0.15384615384615,0.,0.,0.,20.42035224833366,20.42035224833366,         5P      6
40.84070449666731,40.84070449666731,61.26105674500096,                 5P      7
61.26105674500096,81.68140899333463,81.68140899333463,                 5P      8
81.68140899333463,1.,1.,0.70710678118655,0.70710678118655,1.,1.,       5P      9
0.70710678118655,0.70710678118655,1.,1.,0.70710678118655,              5P     10
0.70710678118655,1.,1.,0.70710678118655,0.70710678118655,1.,1.,        5P     11
-13.,1.95,-0.,-13.,2.,-0.,-13.,1.95,-13.,-13.,2.,-13.,0.,1.95,         5P     12
-13.,0.,2.,-13.,13.,1.95,-13.,13.,2.,-13.,13.,1.95,0.,13.,2.,0.,       5P     13
13.,1.95,13.,13.,2.,13.,-0.,1.95,13.,-0.,2.,13.,-13.,1.95,13.,         5P     14
-13.,2.,13.,-13.,1.95,-0.,-13.,2.,-0.,0.15,0.15384615384615,0.,        5P     15
81.68140899333463;                                                     5P     16
126,1,1,0,0,1,0,-0.75,-0.75,0.25,0.25,1.,1.,9.5,2.,-0.25,9.5,2.,       7P     17
0.25,-0.75,0.25;                                                       7P     18
502,94,-0.375,2.,-11.5,15.1,1.45,-0.,13.,1.95,-0.,-0.375,0.,           9P     19
-11.5,8.08479580373255,-17.2,-12.7532771008846,13.,2.,-0.,             9P     20
8.08479580373255,-18.1,-12.7532771008846,-13.,1.95,0.,                 9P     21
7.00226404900204,-18.1,-13.3782771008846,-13.,2.,0.,-3.45,2.,0.,       9P     22
0.375,2.,-11.5,-3.45,0.,0.,-5.5,2.,0.25,0.375,0.,-11.5,14.1,           9P     23
-3.2,0.,3.45,2.,-0.,14.1,0.,0.,3.45,0.,-0.,-14.1,-3.2,-0.,-7.75,       9P     24
2.,0.25,-14.1,0.,-0.,-14.0444829025493,-17.2,-1.25,-0.,-15.2,          9P     25
12.1,-0.,-17.2,14.1,12.1,-15.2,-0.,0.,-15.2,-12.1,0.,-17.2,            9P     26
-14.1,6.50180474204118,-17.2,-12.5114561541161,7.58433649676879,       9P     27
-17.2,-11.8864561541185,7.5124816080553,-17.2,11.9319998360975,        9P     28
-7.25,2.15,2.,6.57717417196478,-17.2,12.4719998360984,7.1,-15.2,       9P     29
-0.,-9.5,2.,-0.25,7.1,-21.5,-0.,7.9,-15.2,0.,7.9,-21.5,0.,-7.75,       9P     30
2.15,-2.,-7.9,-15.2,-0.,-7.9,-21.5,-0.,-7.1,-15.2,0.,-7.1,-21.5,       9P     31
0.,15.1,-17.2,-0.,5.5,2.15,0.25,7.00226404900204,-17.2,                9P     32
-13.3782771008846,-15.0481726465375,-17.2,-1.25,                       9P     33
-15.0481726465375,-18.1,-1.25,-15.09999999998347,-18.1,0.,-5.5,        9P     34
2.15,0.25,-15.1,1.45,0.,0.,1.45,-15.1,9.5,2.15,-0.25,-0.,1.45,         9P     35
15.1,-0.,1.95,14.6,-7.25,2.,-2.,0.,1.95,-14.6,-14.6,1.95,-0.,          9P     36
-15.0481726465375,-18.1,1.25,-15.0481726465375,-17.2,1.25,             9P     37
7.07751692283646,-17.2,13.3386189017815,7.07751692283646,-18.1,        9P     38
13.3386189017815,8.01282435892368,-18.1,12.7986189017815,              9P     39
8.01282435892368,-17.2,12.7986189017815,6.50180474204118,-18.1,        9P     40
-12.5114561541161,7.58433649676879,-18.1,-11.8864561541185,            9P     41
7.5124816080553,-18.1,11.9319998360975,-7.25,2.15,0.25,                9P     42
6.57717417196478,-18.1,12.4719998360984,9.5,2.,0.25,                   9P     43
-14.0444829025493,-17.2,1.25,9.5,2.15,0.25,-14.0444829025493,          9P     44
-18.1,1.25,-14.0444829025493,-18.1,-1.25,5.5,2.,0.25,5.5,2.,           9P     45
-0.25,5.5,2.15,-0.25,9.5,2.,-0.25,-7.25,2.,-0.25,-5.5,2.,-0.25,        9P     46
-7.25,2.15,-0.25,-5.5,2.15,-0.25,-7.25,2.15,-2.,-7.75,2.,-2.,          9P     47
-7.75,2.,-0.25,-7.75,2.15,-0.25,-9.5,2.15,-0.25,-9.5,2.,0.25,          9P     48
-9.5,2.15,0.25,-7.25,2.,0.25,-7.25,2.,2.,-7.75,2.,2.,-7.75,2.15,       9P     49
2.,-7.75,2.15,0.25;                                                    9P     50
126,4,2,0,0,0,0,6.28318530717959,6.28318530717959,                    11P     51
6.28318530717959,7.85398163397448,7.85398163397448,                   11P     52
9.42477796076938,9.42477796076938,9.42477796076938,1.,                11P     53
0.70710678118655,1.,0.70710678118655,1.,-14.1,0.,0.,-14.1,0.,         11P     54
-14.09999999999999,-0.,0.,-14.1,14.09999999999999,0.,-14.1,14.1,      11P     55
0.,-0.00000000000001,6.28318530717959,9.42477796076938;               11P     56
126,1,1,0,0,1,0,0.,0.,2.,2.,1.,1.,-3.45,0.,0.,-3.45,2.,0.,0.,2.;      13P     57
126,1,1,0,0,1,0,0.,0.,1.,1.,1.,1.,5.5,2.15,-0.25,5.5,2.15,0.25,       15P     58
0.,1.;                                                                15P     59
126,4,2,0,0,0,0,3.14159265358979,3.14159265358979,                    17P     60
3.14159265358979,4.71238898038469,4.71238898038469,                   17P     61
6.28318530717959,6.28318530717959,6.28318530717959,1.,                17P     62
0.70710678118655,1.,0.70710678118655,1.,-0.375,2.,-11.5,-0.375,       17P     63
2.,-11.875,-0.,2.,-11.875,0.375,2.,-11.875,0.375,2.,-11.5,            17P     64
3.14159265358979,6.28318530717959;                                    17P     65
126,1,1,0,0,1,0,-0.025,-0.025,0.025,0.025,1.,1.,13.,1.95,-0.,         19P     66
13.,2.,-0.,-0.025,0.025;                                              19P     67
126,4,2,0,0,0,0,6.28318530717959,6.28318530717959,                    21P     68
6.28318530717959,7.85398163397448,7.85398163397448,                   21P     69
9.42477796076938,9.42477796076938,9.42477796076938,1.,                21P     70
0.70710678118655,1.,0.70710678118655,1.,3.45,0.,0.,3.45,0.,           21P     71
-3.45,0.,0.,-3.45,-3.45,0.,-3.45,-3.45,0.,-0.,6.28318530717959,       21P     72
9.42477796076938;                                                     21P     73
126,1,1,0,0,1,0,0.,0.,2.,2.,1.,1.,-0.375,0.,-11.5,-0.375,2.,          23P     74
-11.5,0.,2.;                                                          23P     75
126,4,2,0,0,0,0,6.28318530717959,6.28318530717959,                    25P     76
6.28318530717959,7.85398163397448,7.85398163397448,                   25P     77
9.42477796076938,9.42477796076938,9.42477796076938,1.,                25P     78
0.70710678118655,1.,0.70710678118655,1.,13.,1.95,0.,13.,1.95,         25P     79
-13.,0.,1.95,-13.,-13.,1.95,-13.,-13.,1.95,-0.,6.28318530717959,      25P     80
9.42477796076938;                                                     25P     81
126,1,1,0,0,1,0,13.33333333333333,13.33333333333333,                  27P     82
14.33333333333333,14.33333333333333,1.,1.,-7.75,2.,-0.25,-7.75,       27P     83
2.15,-0.25,13.33333333333333,14.33333333333333;                       27P     84
126,2,2,0,0,0,0,0.,0.,0.,1.5707963267949,1.5707963267949,             29P     85
1.5707963267949,1.,0.70710678118654,1.,-0.,1.45,15.1,-0.,1.95,        29P     86
15.1,-0.,1.95,14.6,0.,1.5707963267949;                                29P     87
126,4,2,0,0,0,0,6.28318530717959,6.28318530717959,                    31P     88
6.28318530717959,7.85398163397448,7.85398163397448,                   31P     89
9.42477796076938,9.42477796076938,9.42477796076938,1.,                31P     90
0.70710678118655,1.,0.70710678118655,1.,0.375,0.,-11.5,0.375,0.,      31P     91
-11.875,0.,0.,-11.875,-0.375,0.,-11.875,-0.375,0.,-11.5,              31P     92
6.28318530717959,9.42477796076938;                                    31P     93
126,1,1,0,0,1,0,-0.025,-0.025,0.025,0.025,1.,1.,-13.,2.,0.,-13.,      33P     94
1.95,0.,-0.025,0.025;                                                 33P     95
126,4,2,0,0,0,0,6.28318530717959,6.28318530717959,                    35P     96
6.28318530717959,7.85398163397448,7.85398163397448,                   35P     97
9.42477796076938,9.42477796076938,9.42477796076938,1.,                35P     98
0.70710678118655,1.,0.70710678118655,1.,13.,2.,0.,13.,2.,-13.,        35P     99
0.,2.,-13.,-13.,2.,-13.,-13.,2.,-0.,6.28318530717959,                 35P    100
9.42477796076938;                                                     35P    101
126,1,1,0,0,1,0,0.,0.,3.2,3.2,1.,1.,14.1,0.,0.,14.1,-3.2,0.,0.,       37P    102
3.2;                                                                  37P    103
126,4,2,0,0,0,0,3.14159265358979,3.14159265358979,                    39P    104
3.14159265358979,4.71238898038469,4.71238898038469,                   39P    105
6.28318530717959,6.28318530717959,6.28318530717959,1.,                39P    106
0.70710678118655,1.,0.70710678118655,1.,-3.45,2.,0.,-3.45,2.,         39P    107
-3.45,-0.,2.,-3.45,3.45,2.,-3.45,3.45,2.,-0.,3.14159265358979,        39P    108
6.28318530717959;                                                     39P    109
126,1,1,0,0,1,0,-2.,-2.,0.,0.,1.,1.,0.375,2.,-11.5,0.375,0.,          41P    110
-11.5,-2.,0.;                                                         41P    111
126,1,1,0,0,1,0,-0.75,-0.75,0.25,0.25,1.,1.,-5.5,2.,-0.25,-5.5,       43P    112
2.,0.25,-0.75,0.25;                                                   43P    113
126,4,2,0,0,0,0,6.28318530717959,6.28318530717959,                    45P    114
6.28318530717959,7.85398163397448,7.85398163397448,                   45P    115
9.42477796076938,9.42477796076938,9.42477796076938,1.,                45P    116
0.70710678118655,1.,0.70710678118655,1.,-14.1,-3.2,0.,-14.1,          45P    117
-3.2,-14.09999999999999,-0.,-3.2,-14.1,14.09999999999999,-3.2,        45P    118
-14.1,14.1,-3.2,-0.00000000000001,6.28318530717959,                   45P    119
9.42477796076938;                                                     45P    120
126,1,1,0,0,1,0,-2.,-2.,0.,0.,1.,1.,3.45,2.,-0.,3.45,0.,-0.,-2.,      47P    121
0.;                                                                   47P    122
126,1,1,0,0,1,0,-3.2,-3.2,0.,0.,1.,1.,-14.1,-3.2,-0.,-14.1,0.,        49P    123
-0.,-3.2,0.;                                                          49P    124
126,1,1,0,0,1,0,0.,0.,1.,1.,1.,1.,5.5,2.15,0.25,9.5,2.15,0.25,        51P    125
0.,1.;                                                                51P    126
126,1,1,0,0,1,0,0.,0.,1.,1.,1.,1.,-14.0444829025493,-17.2,-1.25,      53P    127
-14.0444829025493,-18.1,-1.25,0.,1.;                                  53P    128
126,1,1,0,0,1,0,0.,0.,1.,1.,1.,1.,7.07751692283646,-17.2,             55P    129
13.3386189017815,7.07751692283646,-18.1,13.3386189017815,0.,1.;       55P    130
126,2,2,0,0,0,0,-1.5707963267949,-1.5707963267949,                    57P    131
-1.5707963267949,0.,0.,0.,1.,0.70710678118655,1.,-0.,-15.2,12.1,      57P    132
-0.,-15.2,14.1,-0.,-17.2,14.1,-1.5707963267949,0.;                    57P    133
126,2,2,0,0,0,0,0.,0.,0.,0.07153843264976,0.07153843264976,           59P    134
0.07153843264976,1.,0.99936034978493,1.,8.01282435892371,-18.1,       59P    135
12.79861890178154,7.55483245019756,-18.1,13.08535364641246,           59P    136
7.07751692283649,-18.1,13.33861890178155,0.,0.07153843264976;         59P    137
126,2,2,0,0,0,0,7.85398163397448,7.85398163397448,                    61P    138
7.85398163397448,9.42477796076938,9.42477796076938,                   61P    139
9.42477796076938,1.,0.70710678118655,1.,-0.,-15.2,12.1,               61P    140
12.09999999999999,-15.2,12.1,12.1,-15.2,0.,7.85398163397448,          61P    141
9.42477796076938;                                                     61P    142
126,1,1,0,0,1,0,-1.07142857142857,-1.07142857142857,                  63P    143
-0.07142857142857,-0.07142857142857,1.,1.,-7.25,2.,-2.,-7.25,2.,      63P    144
-0.25,-1.07142857142857,-0.07142857142857;                            63P    145
126,1,1,0,0,1,0,0.,0.,1.,1.,1.,1.,8.01282435892368,-17.2,             65P    146
12.7986189017815,8.01282435892368,-18.1,12.7986189017815,0.,1.;       65P    147
126,2,2,0,0,0,0,3.14159265358979,3.14159265358979,                    67P    148
3.14159265358979,4.71238898038469,4.71238898038469,                   67P    149
4.71238898038469,1.,0.70710678118655,1.,12.1,-15.2,0.,12.1,           67P    150
-15.2,-12.1,0.,-15.2,-12.1,3.14159265358979,4.71238898038469;         67P    151
126,2,2,0,0,0,0,3.14159265358979,3.14159265358979,                    69P    152
3.14159265358979,4.15302098846152,4.15302098846152,                   69P    153
4.15302098846152,1.,0.87482873175161,1.,15.1,-17.2,-0.,15.1,          69P    154
-17.2,8.36155471160689,8.01282435892369,-17.2,12.79861890178151,      69P    155
3.14159265358979,4.15302098846152;                                    69P    156
126,2,2,0,0,0,0,0.,0.,0.,1.5707963267949,1.5707963267949,             71P    157
1.5707963267949,1.,0.70710678118655,1.,0.,-17.2,-14.1,0.,-15.2,       71P    158
-14.1,0.,-15.2,-12.1,0.,1.5707963267949;                              71P    159
126,1,1,0,0,1,0,13.33333333333333,13.33333333333333,                  73P    160
14.33333333333333,14.33333333333333,1.,1.,-7.25,2.,-0.25,-7.25,       73P    161
2.15,-0.25,13.33333333333333,14.33333333333333;                       73P    162
126,2,2,0,0,0,0,0.08876901874923,0.08876901874923,                    75P    163
0.08876901874923,1.5707963267949,1.5707963267949,                     75P    164
1.5707963267949,1.,0.73778468480631,1.,-14.04448290254931,-17.2,      75P    165
1.25,-12.90079536976843,-17.2,14.1,-0.,-17.2,14.1,                    75P    166
0.08876901874923,1.5707963267949;                                     75P    167
126,2,2,0,0,0,0,4.23313097425266,4.23313097425266,                    77P    168
4.23313097425266,4.71238898038469,4.71238898038469,                   77P    169
4.71238898038469,1.,0.97142609494876,1.,6.50180474204121,-17.2,       77P    170
-12.51145615411613,3.44496168611958,-17.2,-14.1,0.,-17.2,-14.1,       77P    171
4.23313097425266,4.71238898038469;                                    77P    172
126,2,2,0,0,0,0,4.144449435321,4.144449435321,4.144449435321,         79P    173
4.23313097425266,4.23313097425266,4.23313097425266,1.,                79P    174
0.99901710913625,1.,7.58433649676878,-17.2,-11.88645615411848,        79P    175
7.05693619811015,-17.2,-12.22297204091099,6.50180474204121,           79P    176
-17.2,-12.51145615411613,4.144449435321,4.23313097425266;             79P    177
126,4,2,0,0,0,0,2.13270234300498,2.13270234300498,                    81P    178
2.13270234300498,3.13857588916299,3.13857588916299,                   81P    179
4.144449435321,4.144449435321,4.144449435321,1.,                      81P    180
0.87617081548666,1.,0.87617081548667,1.,7.5124816080553,-17.2,        81P    181
11.9319998360975,14.07653568234595,-17.2,7.79921939821936,            81P    182
14.09993583893203,-17.2,0.04253631389834,14.12333599551811,           81P    183
-17.2,-7.71414677042267,7.58433649676878,-17.2,                       81P    184
-11.88645615411848,2.13270234300498,4.144449435321;                   81P    185
126,2,2,0,0,0,0,2.05608786177983,2.05608786177983,                    83P    186
2.05608786177983,2.13270234300498,2.13270234300498,                   83P    187
2.13270234300498,1.,0.99926636737842,1.,6.57717417196479,-17.2,       83P    188
12.47199983609843,7.05517590718497,-17.2,12.21992312760257,           83P    189
7.5124816080553,-17.2,11.9319998360975,2.05608786177983,              83P    190
2.13270234300498;                                                     83P    191
126,1,1,0,0,1,0,13.33333333333333,13.33333333333333,                  85P    192
14.33333333333333,14.33333333333333,1.,1.,-9.5,2.,0.25,-9.5,          85P    193
2.15,0.25,13.33333333333333,14.33333333333333;                        85P    194
126,2,2,0,0,0,0,1.5707963267949,1.5707963267949,1.5707963267949,      87P    195
2.05608786177983,2.05608786177983,2.05608786177983,1.,                87P    196
0.97070566998137,1.,-0.,-17.2,14.1,3.49007061556268,-17.2,14.1,       87P    197
6.57717417196479,-17.2,12.47199983609843,1.5707963267949,             87P    198
2.05608786177983;                                                     87P    199
126,1,1,0,0,1,0,0.,0.,6.3,6.3,1.,1.,7.1,-15.2,-0.,7.1,-21.5,-0.,      89P    200
0.,6.3;                                                               89P    201
126,4,2,0,0,0,0,3.14159265358979,3.14159265358979,                    91P    202
3.14159265358979,4.71238898038469,4.71238898038469,                   91P    203
6.28318530717959,6.28318530717959,6.28318530717959,1.,                91P    204
0.70710678118655,1.,0.70710678118654,1.,7.9,-15.2,0.,7.9,-15.2,       91P    205
-0.4,7.5,-15.2,-0.4,7.1,-15.2,-0.4,7.1,-15.2,-0.,                     91P    206
3.14159265358979,6.28318530717959;                                    91P    207
126,1,1,0,0,1,0,13.33333333333333,13.33333333333333,                  93P    208
14.33333333333333,14.33333333333333,1.,1.,-9.5,2.,-0.25,-9.5,         93P    209
2.15,-0.25,13.33333333333333,14.33333333333333;                       93P    210
126,1,1,0,0,1,0,-6.3,-6.3,-0.,-0.,1.,1.,7.9,-21.5,0.,7.9,-15.2,       95P    211
0.,-6.3,-0.;                                                          95P    212
126,4,2,0,0,0,0,6.28318530717959,6.28318530717959,                    97P    213
6.28318530717959,7.85398163397448,7.85398163397448,                   97P    214
9.42477796076938,9.42477796076938,9.42477796076938,1.,                97P    215
0.70710678118655,1.,0.70710678118654,1.,7.1,-21.5,0.,7.1,-21.5,       97P    216
-0.4,7.5,-21.5,-0.4,7.9,-21.5,-0.4,7.9,-21.5,-0.,                     97P    217
6.28318530717959,9.42477796076938;                                    97P    218
126,1,1,0,0,1,0,-3.21428571428571,-3.21428571428571,                  99P    219
-2.21428571428571,-2.21428571428571,1.,1.,-9.5,2.,-0.25,-7.75,        99P    220
2.,-0.25,-3.21428571428571,-2.21428571428571;                         99P    221
126,1,1,0,0,1,0,0.,0.,6.3,6.3,1.,1.,-7.9,-15.2,-0.,-7.9,-21.5,       101P    222
-0.,0.,6.3;                                                          101P    223
126,4,2,0,0,0,0,3.14159265358979,3.14159265358979,                   103P    224
3.14159265358979,4.71238898038469,4.71238898038469,                  103P    225
6.28318530717959,6.28318530717959,6.28318530717959,1.,               103P    226
0.70710678118655,1.,0.70710678118654,1.,-7.1,-15.2,0.,-7.1,          103P    227
-15.2,-0.4,-7.5,-15.2,-0.4,-7.9,-15.2,-0.4,-7.9,-15.2,-0.,           103P    228
3.14159265358979,6.28318530717959;                                   103P    229
126,1,1,0,0,1,0,0.,0.,0.99999999999994,0.99999999999994,1.,1.,       105P    230
8.08479580373255,-18.1,-12.7532771008846,7.58433649676881,-18.1,     105P    231
-11.88645615411849,0.,0.99999999999994;                              105P    232
126,1,1,0,0,1,0,-6.3,-6.3,-0.,-0.,1.,1.,-7.1,-21.5,0.,-7.1,          107P    233
-15.2,0.,-6.3,-0.;                                                   107P    234
126,4,2,0,0,0,0,6.28318530717959,6.28318530717959,                   109P    235
6.28318530717959,7.85398163397448,7.85398163397448,                  109P    236
9.42477796076938,9.42477796076938,9.42477796076938,1.,               109P    237
0.70710678118655,1.,0.70710678118654,1.,-7.9,-21.5,0.,-7.9,          109P    238
-21.5,-0.4,-7.5,-21.5,-0.4,-7.1,-21.5,-0.4,-7.1,-21.5,-0.,           109P    239
6.28318530717959,9.42477796076938;                                   109P    240
126,1,1,0,0,1,0,-17.2,-17.2,1.45,1.45,1.,1.,15.1,-17.2,-0.,15.1,     111P    241
1.45,-0.,-17.2,1.45;                                                 111P    242
126,2,2,0,0,0,0,2.1357976583708,2.1357976583708,2.1357976583708,     113P    243
3.14159265358979,3.14159265358979,3.14159265358979,1.,               113P    244
0.87618974561579,1.,8.08479580373257,-17.2,-12.75327710088463,       113P    245
15.1,-17.2,-8.30606772876365,15.1,-17.2,-0.,2.1357976583708,         113P    246
3.14159265358979;                                                    113P    247
126,1,1,0,0,1,0,0.,0.,0.99999999999998,0.99999999999998,1.,1.,       115P    248
7.5124816080553,-18.1,11.9319998360975,8.01282435892367,-18.1,       115P    249
12.79861890178151,0.,0.99999999999998;                               115P    250
126,1,1,0,0,1,0,0.,0.,1.,1.,1.,1.,8.08479580373255,-17.2,            117P    251
-12.7532771008846,8.08479580373255,-18.1,-12.7532771008846,0.,       117P    252
1.;                                                                  117P    253
126,1,1,0,0,1,0,-1.,-1.,0.,0.,1.,1.,-7.75,2.15,-0.25,-9.5,2.15,      119P    254
-0.25,-1.,0.;                                                        119P    255
126,1,1,0,0,1,0,0.,0.,1.,1.,1.,1.,7.5124816080553,-17.2,             121P    256
11.9319998360975,7.5124816080553,-18.1,11.9319998360975,0.,1.;       121P    257
126,2,2,0,0,0,0,5.19458520000537,5.19458520000537,                   123P    258
5.19458520000537,5.2773903119606,5.2773903119606,                    123P    259
5.2773903119606,1.,0.99914303660505,1.,7.00226404900204,-18.1,       123P    260
-13.37827710088461,7.55647562300445,-18.1,-13.08819970519953,        123P    261
8.08479580373257,-18.1,-12.75327710088463,5.19458520000537,          123P    262
5.2773903119606;                                                     123P    263
126,1,1,0,0,1,0,13.33333333333333,13.33333333333333,                 125P    264
14.33333333333333,14.33333333333333,1.,1.,-5.5,2.,0.25,-5.5,         125P    265
2.15,0.25,13.33333333333333,14.33333333333333;                       125P    266
126,1,1,0,0,1,0,0.,0.,1.,1.,1.,1.,7.00226404900204,-17.2,            127P    267
-13.3782771008846,7.00226404900204,-18.1,-13.3782771008846,0.,       127P    268
1.;                                                                  127P    269
126,1,1,0,0,1,0,0.,0.,1.,1.,1.,1.,6.57717417196478,-17.2,            129P    270
12.4719998360984,6.57717417196478,-18.1,12.4719998360984,0.,1.;      129P    271
126,4,2,0,0,0,0,0.08287629674974,0.08287629674974,                   131P    272
0.08287629674974,1.06793442158266,1.06793442158266,                  131P    273
2.05299254641558,2.05299254641558,2.05299254641558,1.,               131P    274
0.88113979586485,1.,0.88113979586485,1.,-15.04817264653752,          131P    275
-17.2,-1.25,-14.37737123428532,-17.2,-9.32546837048976,              131P    276
-7.27722046175147,-17.2,-13.23072418090052,-0.17706968921762,        131P    277
-17.2,-17.13597999131127,7.00226404900204,-17.2,                     131P    278
-13.37827710088461,0.08287629674974,2.05299254641558;                131P    279
126,1,1,0,0,1,0,0.,0.,1.,1.,1.,1.,-15.0481726465375,-17.2,-1.25,     133P    280
-15.0481726465375,-18.1,-1.25,0.,1.;                                 133P    281
126,2,2,0,0,0,0,0.08287629674965,0.08287629674965,                   135P    282
0.08287629674965,0.16575259349931,0.16575259349931,                  135P    283
0.16575259349931,1.,0.99914156277732,1.,-15.09999999998347,          135P    284
-18.1,0.,-15.09999999998347,-18.1,-0.62607442982606,                 135P    285
-15.0481726465211,-18.1,-1.24999999999864,0.08287629674965,          135P    286
0.16575259349931;                                                    135P    287
126,1,1,0,0,1,0,-1.45,-1.45,18.1,18.1,1.,1.,-15.1,1.45,0.,-15.1,     137P    288
-18.1,0.,-1.45,18.1;                                                 137P    289
126,1,1,0,0,1,0,0.,0.,1.,1.,1.,1.,7.07751692283646,-18.1,            139P    290
13.3386189017815,6.57717417196478,-18.1,12.4719998360984,0.,1.;      139P    291
126,2,2,0,0,0,0,7.85398163397448,7.85398163397448,                   141P    292
7.85398163397448,9.42477796076938,9.42477796076938,                  141P    293
9.42477796076938,1.,0.70710678118655,1.,0.,1.45,-15.1,               141P    294
-15.09999999999999,1.45,-15.1,-15.1,1.45,-0.00000000000001,          141P    295
7.85398163397448,9.42477796076938;                                   141P    296
126,2,2,0,0,0,0,6.28318530717959,6.28318530717959,                   143P    297
6.28318530717959,7.85398163397448,7.85398163397448,                  143P    298
7.85398163397448,1.,0.70710678118655,1.,15.1,1.45,0.,15.1,1.45,      143P    299
-15.09999999999999,0.,1.45,-15.1,6.28318530717959,                   143P    300
7.85398163397448;                                                    143P    301
126,1,1,0,0,1,0,6.54000195655658,6.54000195655658,                   145P    302
7.54000195655658,7.54000195655658,1.,1.,6.57717417196476,-17.2,      145P    303
12.47199983609841,7.07751692283644,-17.2,13.33861890178151,          145P    304
6.54000195655658,7.54000195655658;                                   145P    305
126,2,2,0,0,0,0,4.71238898038469,4.71238898038469,                   147P    306
4.71238898038469,6.28318530717959,6.28318530717959,                  147P    307
6.28318530717959,1.,0.70710678118655,1.,-0.,1.45,15.1,15.1,1.45,     147P    308
15.1,15.1,1.45,0.,4.71238898038469,6.28318530717959;                 147P    309
126,2,2,0,0,0,0,-1.5707963267949,-1.5707963267949,                   149P    310
-1.5707963267949,0.,0.,0.,1.,0.70710678118654,1.,0.,1.95,-14.6,      149P    311
0.,1.95,-15.1,0.,1.45,-15.1,-1.5707963267949,0.;                     149P    312
126,1,1,0,0,1,0,0.1875,0.1875,1.1875,1.1875,1.,1.,5.5,2.,-0.25,      151P    313
9.5,2.,-0.25,0.1875,1.1875;                                          151P    314
126,4,2,0,0,0,0,4.71238898038469,4.71238898038469,                   153P    315
4.71238898038469,6.28318530717959,6.28318530717959,                  153P    316
7.85398163397448,7.85398163397448,7.85398163397448,1.,               153P    317
0.70710678118655,1.,0.70710678118655,1.,-0.,1.95,-14.6,14.6,         153P    318
1.95,-14.6,14.6,1.95,-0.,14.6,1.95,14.59999999999999,0.,1.95,        153P    319
14.6,4.71238898038469,7.85398163397448;                              153P    320
126,2,2,0,0,0,0,7.85398163397448,7.85398163397448,                   155P    321
7.85398163397448,9.42477796076938,9.42477796076938,                  155P    322
9.42477796076938,1.,0.70710678118655,1.,0.,1.95,14.6,                155P    323
-14.59999999999999,1.95,14.6,-14.6,1.95,0.00000000000001,            155P    324
7.85398163397448,9.42477796076938;                                   155P    325
126,2,2,0,0,0,0,3.14159265358979,3.14159265358979,                   157P    326
3.14159265358979,4.71238898038469,4.71238898038469,                  157P    327
4.71238898038469,1.,0.70710678118655,1.,-14.6,1.95,0.,-14.6,         157P    328
1.95,-14.59999999999999,-0.,1.95,-14.6,3.14159265358979,             157P    329
4.71238898038469;                                                    157P    330
126,4,2,0,0,0,0,3.14159265358979,3.14159265358979,                   159P    331
3.14159265358979,4.71238898038469,4.71238898038469,                  159P    332
6.28318530717959,6.28318530717959,6.28318530717959,1.,               159P    333
0.70710678118655,1.,0.70710678118655,1.,14.1,0.,-0.,14.1,0.,         159P    334
14.1,0.,0.,14.1,-14.1,0.,14.1,-14.1,0.,0.,3.14159265358979,          159P    335
6.28318530717959;                                                    159P    336
126,2,2,0,0,0,0,3.14159265358979,3.14159265358979,                   161P    337
3.14159265358979,4.71238898038469,4.71238898038469,                  161P    338
4.71238898038469,1.,0.70710678118655,1.,-15.1,1.45,-0.,-15.1,        161P    339
1.45,15.1,-0.,1.45,15.1,3.14159265358979,4.71238898038469;           161P    340
126,1,1,0,0,1,0,6.49642642891952,6.49642642891952,                   163P    341
7.4964264289195,7.4964264289195,1.,1.,-14.0444829025493,-17.2,       163P    342
-1.25,-15.0481726465375,-17.2,-1.25,6.49642642891952,                163P    343
7.4964264289195;                                                     163P    344
126,2,2,0,0,0,0,0.,0.,0.,0.08287629674965,0.08287629674965,          165P    345
0.08287629674965,1.,0.99914156277684,1.,-15.0481726465211,-18.1,     165P    346
1.24999999999864,-15.09999999998347,-18.1,0.62607442982611,          165P    347
-15.09999999998347,-18.1,0.,0.,0.08287629674965;                     165P    348
126,1,1,0,0,1,0,0.,0.,1.,1.,1.,1.,-15.0481726465375,-17.2,1.25,      167P    349
-15.0481726465375,-18.1,1.25,0.,1.;                                  167P    350
126,1,1,0,0,1,0,13.33333333333333,13.33333333333333,                 169P    351
14.33333333333333,14.33333333333333,1.,1.,9.5,2.,-0.25,9.5,2.15,     169P    352
-0.25,13.33333333333333,14.33333333333333;                           169P    353
126,4,2,0,0,0,0,4.22455942111128,4.22455942111128,                   171P    354
4.22455942111128,5.21243421577056,5.21243421577056,                  171P    355
6.20030901042984,6.20030901042984,6.20030901042984,1.,               171P    356
0.88047298284532,1.,0.88047298284532,1.,7.07751692283647,-17.2,      171P    357
13.33861890178152,-0.10474799682296,-17.2,17.14955329367686,         171P    358
-7.23992506208244,-17.2,13.25116919729843,-14.37510212734192,        171P    359
-17.2,9.35278510091999,-15.04817264653752,-17.2,1.25,                171P    360
4.22455942111128,6.20030901042984;                                   171P    361
126,4,2,0,0,0,0,6.28318530717959,6.28318530717959,                   173P    362
6.28318530717959,7.85398163397448,7.85398163397448,                  173P    363
9.42477796076938,9.42477796076938,9.42477796076938,1.,               173P    364
0.70710678118655,1.,0.70710678118654,1.,7.1,-15.2,-0.,7.1,-15.2,     173P    365
0.4,7.5,-15.2,0.4,7.9,-15.2,0.4,7.9,-15.2,0.,6.28318530717959,       173P    366
9.42477796076938;                                                    173P    367
126,4,2,0,0,0,0,3.14159265358979,3.14159265358979,                   175P    368
3.14159265358979,4.71238898038469,4.71238898038469,                  175P    369
6.28318530717959,6.28318530717959,6.28318530717959,1.,               175P    370
0.70710678118655,1.,0.70710678118655,1.,-13.,1.95,-0.,-13.,1.95,     175P    371
13.,-0.,1.95,13.,13.,1.95,13.,13.,1.95,0.,3.14159265358979,          175P    372
6.28318530717959;                                                    175P    373
126,1,1,0,0,1,0,-8.03660669458903,-8.03660669458903,                 177P    374
-7.036606694589,-7.036606694589,1.,1.,7.00226404900204,-17.2,        177P    375
-13.3782771008846,6.50180474204116,-17.2,-12.51145615411611,         177P    376
-8.03660669458903,-7.036606694589;                                   177P    377
126,1,1,0,0,1,0,0.,0.,1.00000000000003,1.00000000000003,1.,1.,       179P    378
6.50180474204118,-18.1,-12.5114561541161,7.00226404900205,-18.1,     179P    379
-13.37827710088459,0.,1.00000000000003;                              179P    380
126,1,1,0,0,1,0,0.,0.,1.,1.,1.,1.,6.50180474204118,-17.2,            181P    381
-12.5114561541161,6.50180474204118,-18.1,-12.5114561541161,0.,       181P    382
1.;                                                                  181P    383
126,2,2,0,0,0,0,3.05291111465815,3.05291111465815,                   183P    384
3.05291111465815,3.14159265358979,3.14159265358979,                  183P    385
3.14159265358979,1.,0.99901710913613,1.,7.58433649676876,-18.1,      183P    386
-11.88645615411846,7.05693619811011,-18.1,-12.22297204091097,        183P    387
6.50180474204119,-18.1,-12.51145615411611,3.05291111465815,          183P    388
3.14159265358979;                                                    183P    389
126,1,1,0,0,1,0,0.,0.,1.,1.,1.,1.,7.58433649676879,-17.2,            185P    390
-11.8864561541185,7.58433649676879,-18.1,-11.8864561541185,0.,       185P    391
1.;                                                                  185P    392
126,1,1,0,0,1,0,6.53660669459691,6.53660669459691,                   187P    393
7.53660669459685,7.53660669459685,1.,1.,7.58433649676879,-17.2,      187P    394
-11.8864561541185,8.08479580373253,-17.2,-12.75327710088461,         187P    395
6.53660669459691,7.53660669459685;                                   187P    396
126,1,1,0,0,1,0,-1.,-1.,0.,0.,1.,1.,-7.75,2.15,-2.,-7.75,2.15,       189P    397
-0.25,-1.,0.;                                                        189P    398
126,1,1,0,0,1,0,-8.04000195656895,-8.04000195656895,                 191P    399
-7.04000195656897,-7.04000195656897,1.,1.,8.01282435892368,          191P    400
-17.2,12.7986189017815,7.5124816080553,-17.2,11.9319998360975,       191P    401
-8.04000195656895,-7.04000195656897;                                 191P    402
126,2,2,0,0,0,0,3.06497817236463,3.06497817236463,                   193P    403
3.06497817236463,3.14159265358979,3.14159265358979,                  193P    404
3.14159265358979,1.,0.99926636737882,1.,6.5771741719648,-18.1,       193P    405
12.47199983609844,7.05517590718497,-18.1,12.21992312760259,          193P    406
7.51248160805531,-18.1,11.93199983609751,3.06497817236463,           193P    407
3.14159265358979;                                                    193P    408
126,2,2,0,0,0,0,6.19441628843036,6.19441628843036,                   195P    409
6.19441628843036,6.37195432592881,6.37195432592881,                  195P    410
6.37195432592881,1.,0.99606261720208,1.,-14.04448290254931,          195P    411
-17.2,-1.25,-14.15573655359804,-17.2,-0.,-14.04448290254931,         195P    412
-17.2,1.25,6.19441628843036,6.37195432592881;                        195P    413
126,1,1,0,0,1,0,-0.42857142857143,-0.42857142857143,                 197P    414
0.57142857142857,0.57142857142857,1.,1.,-7.25,2.,0.25,-7.25,2.,      197P    415
2.,-0.42857142857143,0.57142857142857;                               197P    416
126,1,1,0,0,1,0,-1.4375,-1.4375,-0.4375,-0.4375,1.,1.,9.5,2.,        199P    417
0.25,5.5,2.,0.25,-1.4375,-0.4375;                                    199P    418
126,1,1,0,0,1,0,0.,0.,1.,1.,1.,1.,-14.0444829025493,-17.2,1.25,      201P    419
-14.0444829025493,-18.1,1.25,0.,1.;                                  201P    420
126,1,1,0,0,1,0,13.33333333333333,13.33333333333333,                 203P    421
14.33333333333333,14.33333333333333,1.,1.,9.5,2.,0.25,9.5,2.15,      203P    422
0.25,13.33333333333333,14.33333333333333;                            203P    423
126,2,2,0,0,0,0,2.96405461609128,2.96405461609128,                   205P    424
2.96405461609128,3.14159265358979,3.14159265358979,                  205P    425
3.14159265358979,1.,0.9960626172021,1.,-14.04448290254925,-18.1,     205P    426
-1.25,-14.15573655359802,-18.1,0.,-14.04448290254925,-18.1,          205P    427
1.24999999999999,2.96405461609128,3.14159265358979;                  205P    428
126,1,1,0,0,1,0,0.,0.,0.99999999999998,0.99999999999998,1.,1.,       207P    429
-15.0481726465375,-18.1,-1.25,-14.0444829025493,-18.1,-1.25,0.,      207P    430
0.99999999999998;                                                    207P    431
126,1,1,0,0,1,0,-7.9964264289195,-7.9964264289195,                   209P    432
-6.99642642891952,-6.99642642891952,1.,1.,-15.0481726465375,         209P    433
-17.2,1.25,-14.0444829025493,-17.2,1.25,-7.9964264289195,            209P    434
-6.99642642891952;                                                   209P    435
126,1,1,0,0,1,0,0.,0.,0.99999999999998,0.99999999999998,1.,1.,       211P    436
-14.0444829025493,-18.1,1.25,-15.0481726465375,-18.1,1.25,0.,        211P    437
0.99999999999998;                                                    211P    438
126,4,2,0,0,0,0,3.14159265358979,3.14159265358979,                   213P    439
3.14159265358979,4.71238898038469,4.71238898038469,                  213P    440
6.28318530717959,6.28318530717959,6.28318530717959,1.,               213P    441
0.70710678118655,1.,0.70710678118654,1.,-7.1,-21.5,-0.,-7.1,         213P    442
-21.5,0.4,-7.5,-21.5,0.4,-7.9,-21.5,0.4,-7.9,-21.5,0.,               213P    443
3.14159265358979,6.28318530717959;                                   213P    444
126,1,1,0,0,1,0,-1.,-1.,0.,0.,1.,1.,-7.25,2.15,-0.25,-7.25,2.15,     215P    445
-2.,-1.,0.;                                                          215P    446
126,4,2,0,0,0,0,6.28318530717959,6.28318530717959,                   217P    447
6.28318530717959,7.85398163397448,7.85398163397448,                  217P    448
9.42477796076938,9.42477796076938,9.42477796076938,1.,               217P    449
0.70710678118655,1.,0.70710678118654,1.,-7.9,-15.2,-0.,-7.9,         217P    450
-15.2,0.4,-7.5,-15.2,0.4,-7.1,-15.2,0.4,-7.1,-15.2,0.,               217P    451
6.28318530717959,9.42477796076938;                                   217P    452
126,1,1,0,0,1,0,13.33333333333333,13.33333333333333,                 219P    453
14.33333333333333,14.33333333333333,1.,1.,-7.75,2.,-2.,-7.75,        219P    454
2.15,-2.,13.33333333333333,14.33333333333333;                        219P    455
126,4,2,0,0,0,0,3.14159265358979,3.14159265358979,                   221P    456
3.14159265358979,4.71238898038469,4.71238898038469,                  221P    457
6.28318530717959,6.28318530717959,6.28318530717959,1.,               221P    458
0.70710678118655,1.,0.70710678118654,1.,7.9,-21.5,-0.,7.9,-21.5,     221P    459
0.4,7.5,-21.5,0.4,7.1,-21.5,0.4,7.1,-21.5,0.,3.14159265358979,       221P    460
6.28318530717959;                                                    221P    461
126,2,2,0,0,0,0,4.71238898038469,4.71238898038469,                   223P    462
4.71238898038469,6.19441628843036,6.19441628843036,                  223P    463
6.19441628843036,1.,0.73778468480631,1.,0.,-17.2,-14.1,              223P    464
-12.90079536976842,-17.2,-14.1,-14.04448290254931,-17.2,-1.25,       223P    465
4.71238898038469,6.19441628843036;                                   223P    466
126,4,2,0,0,0,0,4.71238898038469,4.71238898038469,                   225P    467
4.71238898038469,6.28318530717959,6.28318530717959,                  225P    468
7.85398163397448,7.85398163397448,7.85398163397448,1.,               225P    469
0.70710678118655,1.,0.70710678118655,1.,0.,-15.2,-12.1,              225P    470
-12.09999999999999,-15.2,-12.1,-12.1,-15.2,-0.,-12.1,-15.2,12.1,     225P    471
-0.,-15.2,12.1,4.71238898038469,7.85398163397448;                    225P    472
126,4,2,0,0,0,0,3.14159265358979,3.14159265358979,                   227P    473
3.14159265358979,4.71238898038469,4.71238898038469,                  227P    474
6.28318530717959,6.28318530717959,6.28318530717959,1.,               227P    475
0.70710678118655,1.,0.70710678118655,1.,14.1,-3.2,-0.,14.1,-3.2,     227P    476
14.1,0.,-3.2,14.1,-14.1,-3.2,14.1,-14.1,-3.2,0.,                     227P    477
3.14159265358979,6.28318530717959;                                   227P    478
126,1,1,0,0,1,0,13.33333333333333,13.33333333333333,                 229P    479
14.33333333333333,14.33333333333333,1.,1.,-7.25,2.,0.25,-7.25,       229P    480
2.15,0.25,13.33333333333333,14.33333333333333;                       229P    481
126,1,1,0,0,1,0,-0.75,-0.75,0.25,0.25,1.,1.,5.5,2.,0.25,5.5,2.,      231P    482
-0.25,-0.75,0.25;                                                    231P    483
126,1,1,0,0,1,0,13.33333333333333,13.33333333333333,                 233P    484
14.33333333333333,14.33333333333333,1.,1.,5.5,2.,0.25,5.5,2.15,      233P    485
0.25,13.33333333333333,14.33333333333333;                            233P    486
126,1,1,0,0,1,0,-1.,-1.,0.,0.,1.,1.,-7.25,2.15,0.25,-5.5,2.15,       235P    487
0.25,-1.,0.;                                                         235P    488
126,1,1,0,0,1,0,13.33333333333333,13.33333333333333,                 237P    489
14.33333333333333,14.33333333333333,1.,1.,5.5,2.,-0.25,5.5,2.15,     237P    490
-0.25,13.33333333333333,14.33333333333333;                           237P    491
126,1,1,0,0,1,0,0.,0.,1.,1.,1.,1.,9.5,2.15,-0.25,5.5,2.15,-0.25,     239P    492
0.,1.;                                                               239P    493
126,1,1,0,0,1,0,0.,0.,1.,1.,1.,1.,9.5,2.15,0.25,9.5,2.15,-0.25,      241P    494
0.,1.;                                                               241P    495
126,1,1,0,0,1,0,-2.57142857142857,-2.57142857142857,                 243P    496
-1.57142857142857,-1.57142857142857,1.,1.,-7.25,2.,-0.25,-5.5,       243P    497
2.,-0.25,-2.57142857142857,-1.57142857142857;                        243P    498
126,1,1,0,0,1,0,-1.,-1.,0.,0.,1.,1.,-5.5,2.15,-0.25,-7.25,2.15,      245P    499
-0.25,-1.,0.;                                                        245P    500
126,1,1,0,0,1,0,13.33333333333333,13.33333333333333,                 247P    501
14.33333333333333,14.33333333333333,1.,1.,-5.5,2.,-0.25,-5.5,        247P    502
2.15,-0.25,13.33333333333333,14.33333333333333;                      247P    503
126,1,1,0,0,1,0,13.33333333333333,13.33333333333333,                 249P    504
14.33333333333333,14.33333333333333,1.,1.,-7.25,2.,-2.,-7.25,        249P    505
2.15,-2.,13.33333333333333,14.33333333333333;                        249P    506
126,1,1,0,0,1,0,-8.25,-8.25,-7.25,-7.25,1.,1.,-7.75,2.,-2.,          251P    507
-7.25,2.,-2.,-8.25,-7.25;                                            251P    508
126,1,1,0,0,1,0,-1.,-1.,0.,0.,1.,1.,-7.25,2.15,-2.,-7.75,2.15,       253P    509
-2.,-1.,0.;                                                          253P    510
126,1,1,0,0,1,0,-0.42857142857143,-0.42857142857143,                 255P    511
0.57142857142857,0.57142857142857,1.,1.,-7.75,2.,-0.25,-7.75,2.,     255P    512
-2.,-0.42857142857143,0.57142857142857;                              255P    513
126,1,1,0,0,1,0,-0.75,-0.75,0.25,0.25,1.,1.,-9.5,2.,0.25,-9.5,       257P    514
2.,-0.25,-0.75,0.25;                                                 257P    515
126,1,1,0,0,1,0,-0.5,-0.5,0.5,0.5,1.,1.,-9.5,2.15,-0.25,-9.5,        259P    516
2.15,0.25,-0.5,0.5;                                                  259P    517
126,1,1,0,0,1,0,-0.5,-0.5,0.5,0.5,1.,1.,-5.5,2.15,0.25,-5.5,         261P    518
2.15,-0.25,-0.5,0.5;                                                 261P    519
126,1,1,0,0,1,0,1.07142857142857,1.07142857142857,                   263P    520
2.07142857142857,2.07142857142857,1.,1.,-5.5,2.,0.25,-7.25,2.,       263P    521
0.25,1.07142857142857,2.07142857142857;                              263P    522
126,1,1,0,0,1,0,-1.,-1.,0.,0.,1.,1.,-7.25,2.15,2.,-7.25,2.15,        265P    523
0.25,-1.,0.;                                                         265P    524
126,1,1,0,0,1,0,13.33333333333333,13.33333333333333,                 267P    525
14.33333333333333,14.33333333333333,1.,1.,-7.25,2.,2.,-7.25,         267P    526
2.15,2.,13.33333333333333,14.33333333333333;                         267P    527
126,1,1,0,0,1,0,6.75,6.75,7.75,7.75,1.,1.,-7.25,2.,2.,-7.75,2.,      269P    528
2.,6.75,7.75;                                                        269P    529
126,1,1,0,0,1,0,-1.,-1.,0.,0.,1.,1.,-7.75,2.15,2.,-7.25,2.15,2.,     271P    530
-1.,0.;                                                              271P    531
126,1,1,0,0,1,0,13.33333333333333,13.33333333333333,                 273P    532
14.33333333333333,14.33333333333333,1.,1.,-7.75,2.,2.,-7.75,         273P    533
2.15,2.,13.33333333333333,14.33333333333333;                         273P    534
126,1,1,0,0,1,0,-1.07142857142857,-1.07142857142857,                 275P    535
-0.07142857142857,-0.07142857142857,1.,1.,-7.75,2.,2.,-7.75,2.,      275P    536
0.25,-1.07142857142857,-0.07142857142857;                            275P    537
126,1,1,0,0,1,0,-1.,-1.,0.,0.,1.,1.,-7.75,2.15,0.25,-7.75,2.15,      277P    538
2.,-1.,0.;                                                           277P    539
126,1,1,0,0,1,0,13.33333333333333,13.33333333333333,                 279P    540
14.33333333333333,14.33333333333333,1.,1.,-7.75,2.,0.25,-7.75,       279P    541
2.15,0.25,13.33333333333333,14.33333333333333;                       279P    542
126,1,1,0,0,1,0,1.71428571428571,1.71428571428571,                   281P    543
2.71428571428571,2.71428571428571,1.,1.,-7.75,2.,0.25,-9.5,2.,       281P    544
0.25,1.71428571428571,2.71428571428571;                              281P    545
126,1,1,0,0,1,0,-1.,-1.,0.,0.,1.,1.,-9.5,2.15,0.25,-7.75,2.15,       283P    546
0.25,-1.,0.;                                                         283P    547
126,4,2,0,0,0,0,3.14159265358979,3.14159265358979,                   285P    548
3.14159265358979,4.71238898038469,4.71238898038469,                  285P    549
6.28318530717959,6.28318530717959,6.28318530717959,1.,               285P    550
0.70710678118655,1.,0.70710678118655,1.,-3.45,0.,-0.,-3.45,0.,       285P    551
3.45,-0.,0.,3.45,3.45,0.,3.45,3.45,0.,0.,3.14159265358979,           285P    552
6.28318530717959;                                                    285P    553
126,4,2,0,0,0,0,6.28318530717959,6.28318530717959,                   287P    554
6.28318530717959,7.85398163397448,7.85398163397448,                  287P    555
9.42477796076938,9.42477796076938,9.42477796076938,1.,               287P    556
0.70710678118655,1.,0.70710678118655,1.,3.45,2.,-0.,3.45,2.,         287P    557
3.45,0.,2.,3.45,-3.45,2.,3.45,-3.45,2.,0.,6.28318530717959,          287P    558
9.42477796076938;                                                    287P    559
126,4,2,0,0,0,0,3.14159265358979,3.14159265358979,                   289P    560
3.14159265358979,4.71238898038469,4.71238898038469,                  289P    561
6.28318530717959,6.28318530717959,6.28318530717959,1.,               289P    562
0.70710678118655,1.,0.70710678118655,1.,-0.375,0.,-11.5,-0.375,      289P    563
0.,-11.125,-0.,0.,-11.125,0.375,0.,-11.125,0.375,0.,-11.5,           289P    564
3.14159265358979,6.28318530717959;                                   289P    565
126,4,2,0,0,0,0,6.28318530717959,6.28318530717959,                   291P    566
6.28318530717959,7.85398163397448,7.85398163397448,                  291P    567
9.42477796076938,9.42477796076938,9.42477796076938,1.,               291P    568
0.70710678118655,1.,0.70710678118655,1.,0.375,2.,-11.5,0.375,2.,     291P    569
-11.125,0.,2.,-11.125,-0.375,2.,-11.125,-0.375,2.,-11.5,             291P    570
6.28318530717959,9.42477796076938;                                   291P    571
126,4,2,0,0,0,0,3.14159265358979,3.14159265358979,                   293P    572
3.14159265358979,4.71238898038469,4.71238898038469,                  293P    573
6.28318530717959,6.28318530717959,6.28318530717959,1.,               293P    574
0.70710678118655,1.,0.70710678118655,1.,-13.,2.,-0.,-13.,2.,13.,     293P    575
-0.,2.,13.,13.,2.,13.,13.,2.,0.,3.14159265358979,                    293P    576
6.28318530717959;                                                    293P    577
504,143,7,9,78,9,70,11,9,22,9,18,13,9,13,9,11,15,9,77,9,45,17,9,     295P    578
1,9,12,19,9,3,9,6,21,9,19,9,13,23,9,4,9,1,25,9,3,9,8,27,9,85,9,      295P    579
86,29,9,54,9,55,31,9,15,9,4,33,9,10,9,8,35,9,6,9,10,37,9,18,9,       295P    580
16,39,9,11,9,17,41,9,12,9,15,43,9,80,9,14,45,9,20,9,16,47,9,17,      295P    581
9,19,49,9,20,9,22,51,9,45,9,72,53,9,23,9,74,55,9,61,9,62,57,9,       295P    582
24,9,25,59,9,63,9,62,61,9,24,9,26,63,9,56,9,79,65,9,64,9,63,67,      295P    583
9,26,9,27,69,9,44,9,64,71,9,28,9,27,73,9,79,9,81,75,9,71,9,25,       295P    584
77,9,29,9,28,79,9,30,9,29,81,9,31,9,30,83,9,33,9,31,85,9,88,9,       295P    585
89,87,9,25,9,33,89,9,34,9,36,91,9,37,9,34,93,9,35,9,87,95,9,38,      295P    586
9,37,97,9,36,9,38,99,9,35,9,85,101,9,40,9,41,103,9,42,9,40,105,      295P    587
9,7,9,66,107,9,43,9,42,109,9,41,9,43,111,9,44,9,2,113,9,5,9,44,      295P    588
115,9,67,9,63,117,9,5,9,7,119,9,86,9,87,121,9,31,9,67,123,9,9,9,     295P    589
7,125,9,14,9,50,127,9,46,9,9,129,9,33,9,69,131,9,47,9,46,133,9,      295P    590
47,9,48,135,9,49,9,48,137,9,51,9,49,139,9,62,9,69,141,9,52,9,51,     295P    591
143,9,2,9,52,145,9,33,9,61,147,9,54,9,2,149,9,57,9,52,151,9,76,      295P    592
9,78,153,9,57,9,55,155,9,55,9,58,157,9,58,9,57,159,9,18,9,22,        295P    593
161,9,51,9,54,163,9,23,9,47,165,9,59,9,49,167,9,60,9,59,169,9,       295P    594
78,9,53,171,9,61,9,60,173,9,34,9,37,175,9,8,9,3,177,9,46,9,29,       295P    595
179,9,65,9,9,181,9,29,9,65,183,9,66,9,65,185,9,30,9,66,187,9,30,     295P    596
9,5,189,9,39,9,86,191,9,64,9,31,193,9,69,9,67,195,9,23,9,71,197,     295P    597
9,90,9,91,199,9,70,9,75,201,9,71,9,73,203,9,70,9,72,205,9,74,9,      295P    598
73,207,9,48,9,74,209,9,60,9,71,211,9,73,9,59,213,9,43,9,41,215,      295P    599
9,81,9,83,217,9,40,9,42,219,9,84,9,39,221,9,38,9,36,223,9,28,9,      295P    600
23,225,9,27,9,24,227,9,16,9,20,229,9,90,9,68,231,9,75,9,76,233,      295P    601
9,75,9,45,235,9,68,9,50,237,9,76,9,77,239,9,53,9,77,241,9,72,9,      295P    602
53,243,9,79,9,80,245,9,82,9,81,247,9,80,9,82,249,9,56,9,83,251,      295P    603
9,84,9,56,253,9,83,9,39,255,9,85,9,84,257,9,88,9,35,259,9,87,9,      295P    604
89,261,9,50,9,82,263,9,14,9,90,265,9,32,9,68,267,9,91,9,32,269,      295P    605
9,91,9,92,271,9,93,9,32,273,9,92,9,93,275,9,92,9,21,277,9,94,9,      295P    606
93,279,9,21,9,94,281,9,21,9,88,283,9,89,9,94,285,9,13,9,19,287,      295P    607
9,17,9,11,289,9,4,9,15,291,9,12,9,1,293,9,10,9,6;                    295P    608
508,4,0,295,6,0,0,0,295,9,1,0,0,295,13,0,0,0,295,14,0,0;             297P    609
510,5,1,1,297;                                                       299P    610
314,1.96078438311815,1.96078438311815,1.96078438311815,10HMixedC     301P    611
olor;                                                                301P    612
128,1,8,1,2,0,1,0,0,1,0.,0.,5.33333333333333,5.33333333333333,       303P    613
0.,0.,0.,0.58904862254809,0.58904862254809,1.17809724509617,         303P    614
1.17809724509617,1.76714586764426,1.76714586764426,                  303P    615
2.35619449019234,2.35619449019234,2.35619449019234,1.,1.,            303P    616
0.70710678118655,0.70710678118655,1.,1.,0.70710678118655,            303P    617
0.70710678118655,1.,1.,0.70710678118655,0.70710678118655,1.,1.,      303P    618
0.70710678118655,0.70710678118655,1.,1.,-0.375,0.,-11.5,-0.375,      303P    619
2.,-11.5,-0.375,0.,-11.875,-0.375,2.,-11.875,0.,0.,-11.875,0.,       303P    620
2.,-11.875,0.375,0.,-11.875,0.375,2.,-11.875,0.375,0.,-11.5,         303P    621
0.375,2.,-11.5,0.375,0.,-11.125,0.375,2.,-11.125,0.,0.,-11.125,      303P    622
0.,2.,-11.125,-0.375,0.,-11.125,-0.375,2.,-11.125,-0.375,0.,         303P    623
-11.5,-0.375,2.,-11.5,0.,5.33333333333333,0.,2.35619449019234;       303P    624
508,4,0,295,17,0,0,0,295,5,0,0,0,295,8,0,0,0,295,12,0,0;             305P    625
510,303,1,1,305;                                                     307P    626
314,1.96078438311815,1.96078438311815,1.96078438311815,10HMixedC     309P    627
olor;                                                                309P    628
128,1,8,1,2,0,1,0,0,1,0.,0.,0.57971014492754,0.57971014492754,       311P    629
0.,0.,0.,5.41924732744239,5.41924732744239,10.83849465488479,        311P    630
10.83849465488479,16.25774198232718,16.25774198232718,               311P    631
21.67698930976957,21.67698930976957,21.67698930976957,1.,1.,         311P    632
0.70710678118655,0.70710678118655,1.,1.,0.70710678118655,            311P    633
0.70710678118655,1.,1.,0.70710678118655,0.70710678118655,1.,1.,      311P    634
0.70710678118655,0.70710678118655,1.,1.,-3.45,0.,-0.,-3.45,2.,       311P    635
-0.,-3.45,0.,-3.45,-3.45,2.,-3.45,0.,0.,-3.45,0.,2.,-3.45,3.45,      311P    636
0.,-3.45,3.45,2.,-3.45,3.45,0.,0.,3.45,2.,0.,3.45,0.,3.45,3.45,      311P    637
2.,3.45,-0.,0.,3.45,-0.,2.,3.45,-3.45,0.,3.45,-3.45,2.,3.45,         311P    638
-3.45,0.,-0.,-3.45,2.,-0.,0.,0.57971014492754,0.,                    311P    639
21.67698930976957;                                                   311P    640
508,4,0,295,20,0,0,0,295,16,0,0,0,295,3,0,0,0,295,7,0,0;             313P    641
510,311,1,1,313;                                                     315P    642
128,1,8,1,2,0,1,0,0,1,0.,0.,0.22695035460993,0.22695035460993,       317P    643
0.,0.,0.,22.14822820780804,22.14822820780804,44.29645641561608,      317P    644
44.29645641561608,66.44468462342412,66.44468462342412,               317P    645
88.59291283123217,88.59291283123217,88.59291283123217,1.,1.,         317P    646
0.70710678118655,0.70710678118655,1.,1.,0.70710678118655,            317P    647
0.70710678118655,1.,1.,0.70710678118655,0.70710678118655,1.,1.,      317P    648
0.70710678118655,0.70710678118655,1.,1.,14.1,0.,-0.,14.1,-3.2,       317P    649
-0.,14.1,0.,-14.1,14.1,-3.2,-14.1,-0.,0.,-14.1,-0.,-3.2,-14.1,       317P    650
-14.1,0.,-14.1,-14.1,-3.2,-14.1,-14.1,0.,0.,-14.1,-3.2,0.,-14.1,     317P    651
0.,14.1,-14.1,-3.2,14.1,0.,0.,14.1,0.,-3.2,14.1,14.1,0.,14.1,        317P    652
14.1,-3.2,14.1,14.1,0.,-0.,14.1,-3.2,-0.,0.,0.22695035460993,0.,     317P    653
88.59291283123217;                                                   317P    654
508,4,0,295,21,0,0,0,295,19,1,0,0,295,15,0,0,0,295,2,0,0;            319P    655
510,317,1,1,319;                                                     321P    656
314,1.56862754374743,1.56862754374743,1.56862754374743,10HMixedC     323P    657
olor;                                                                323P    658
128,4,8,2,2,0,1,0,0,1,0.,0.,0.,1.5707963267949,1.5707963267949,      325P    659
3.14159265358979,3.14159265358979,3.14159265358979,0.,0.,0.,         325P    660
1.5707963267949,1.5707963267949,3.14159265358979,                    325P    661
3.14159265358979,4.71238898038469,4.71238898038469,                  325P    662
6.28318530717959,6.28318530717959,6.28318530717959,1.,               325P    663
0.70710678118655,1.,0.70710678118655,1.,0.70710678118655,0.5,        325P    664
0.70710678118655,0.5,0.70710678118655,1.,0.70710678118655,1.,        325P    665
0.70710678118655,1.,0.70710678118655,0.5,0.70710678118655,0.5,       325P    666
0.70710678118655,1.,0.70710678118655,1.,0.70710678118655,1.,         325P    667
0.70710678118655,0.5,0.70710678118655,0.5,0.70710678118655,1.,       325P    668
0.70710678118655,1.,0.70710678118655,1.,0.70710678118655,0.5,        325P    669
0.70710678118655,0.5,0.70710678118655,1.,0.70710678118655,1.,        325P    670
0.70710678118655,1.,0.,-17.2,-14.1,0.,-15.2,-14.1,0.,-15.2,          325P    671
-12.1,0.,-15.2,-10.1,0.,-17.2,-10.1,14.1,-17.2,-14.1,14.1,-15.2,     325P    672
-14.1,12.1,-15.2,-12.1,10.1,-15.2,-10.1,10.1,-17.2,-10.1,14.1,       325P    673
-17.2,0.,14.1,-15.2,0.,12.1,-15.2,0.,10.1,-15.2,0.,10.1,-17.2,       325P    674
0.,14.1,-17.2,14.1,14.1,-15.2,14.1,12.1,-15.2,12.1,10.1,-15.2,       325P    675
10.1,10.1,-17.2,10.1,-0.,-17.2,14.1,-0.,-15.2,14.1,-0.,-15.2,        325P    676
12.1,-0.,-15.2,10.1,-0.,-17.2,10.1,-14.1,-17.2,14.1,-14.1,-15.2,     325P    677
14.1,-12.1,-15.2,12.1,-10.1,-15.2,10.1,-10.1,-17.2,10.1,-14.1,       325P    678
-17.2,-0.,-14.1,-15.2,-0.,-12.1,-15.2,-0.,-10.1,-15.2,-0.,-10.1,     325P    679
-17.2,-0.,-14.1,-17.2,-14.1,-14.1,-15.2,-14.1,-12.1,-15.2,-12.1,     325P    680
-10.1,-15.2,-10.1,-10.1,-17.2,-10.1,0.,-17.2,-14.1,0.,-15.2,         325P    681
-14.1,0.,-15.2,-12.1,0.,-15.2,-10.1,0.,-17.2,-10.1,0.,               325P    682
3.14159265358979,0.,6.28318530717959;                                325P    683
508,9,0,295,25,0,0,0,295,27,1,0,0,295,30,1,0,0,295,32,0,0,0,295,     327P    684
35,0,0,0,295,36,0,0,0,295,37,0,0,0,295,38,0,0,0,295,40,0,0;          327P    685
510,325,1,1,327;                                                     329P    686
128,1,8,1,2,0,1,0,0,1,-0.,-0.,15.75,15.75,0.,0.,0.,                  331P    687
0.62831853071796,0.62831853071796,1.25663706143592,                  331P    688
1.25663706143592,1.88495559215388,1.88495559215388,                  331P    689
2.51327412287183,2.51327412287183,2.51327412287183,1.,1.,            331P    690
0.70710678118655,0.70710678118655,1.,1.,0.70710678118655,            331P    691
0.70710678118655,1.,1.,0.70710678118655,0.70710678118655,1.,1.,      331P    692
0.70710678118655,0.70710678118655,1.,1.,7.9,-15.2,-0.,7.9,-21.5,     331P    693
-0.,7.9,-15.2,-0.4,7.9,-21.5,-0.4,7.5,-15.2,-0.4,7.5,-21.5,-0.4,     331P    694
7.1,-15.2,-0.4,7.1,-21.5,-0.4,7.1,-15.2,0.,7.1,-21.5,0.,7.1,         331P    695
-15.2,0.4,7.1,-21.5,0.4,7.5,-15.2,0.4,7.5,-21.5,0.4,7.9,-15.2,       331P    696
0.4,7.9,-21.5,0.4,7.9,-15.2,-0.,7.9,-21.5,-0.,-0.,15.75,0.,          331P    697
2.51327412287183;                                                    331P    698
508,4,0,295,41,0,0,0,295,42,0,0,0,295,44,0,0,0,295,45,0,0;           333P    699
510,331,1,1,333;                                                     335P    700
128,1,8,1,2,0,1,0,0,1,-0.,-0.,15.75,15.75,0.,0.,0.,                  337P    701
0.62831853071796,0.62831853071796,1.25663706143592,                  337P    702
1.25663706143592,1.88495559215388,1.88495559215388,                  337P    703
2.51327412287183,2.51327412287183,2.51327412287183,1.,1.,            337P    704
0.70710678118655,0.70710678118655,1.,1.,0.70710678118655,            337P    705
0.70710678118655,1.,1.,0.70710678118655,0.70710678118655,1.,1.,      337P    706
0.70710678118655,0.70710678118655,1.,1.,-7.1,-15.2,-0.,-7.1,         337P    707
-21.5,-0.,-7.1,-15.2,-0.4,-7.1,-21.5,-0.4,-7.5,-15.2,-0.4,-7.5,      337P    708
-21.5,-0.4,-7.9,-15.2,-0.4,-7.9,-21.5,-0.4,-7.9,-15.2,0.,-7.9,       337P    709
-21.5,0.,-7.9,-15.2,0.4,-7.9,-21.5,0.4,-7.5,-15.2,0.4,-7.5,          337P    710
-21.5,0.4,-7.1,-15.2,0.4,-7.1,-21.5,0.4,-7.1,-15.2,-0.,-7.1,         337P    711
-21.5,-0.,-0.,15.75,0.,2.51327412287183;                             337P    712
508,4,0,295,47,0,0,0,295,48,0,0,0,295,50,0,0,0,295,51,0,0;           339P    713
510,337,1,1,339;                                                     341P    714
128,1,8,1,2,0,1,0,0,1,-1.19867549668874,-1.19867549668874,           343P    715
0.09602649006623,0.09602649006623,0.,0.,0.,23.71902453460294,        343P    716
23.71902453460294,47.43804906920587,47.43804906920587,               343P    717
71.15707360380881,71.15707360380881,94.87609813841175,               343P    718
94.87609813841175,94.87609813841175,1.,1.,0.70710678118655,          343P    719
0.70710678118655,1.,1.,0.70710678118655,0.70710678118655,1.,1.,      343P    720
0.70710678118655,0.70710678118655,1.,1.,0.70710678118655,            343P    721
0.70710678118655,1.,1.,-15.1,-18.1,-0.,-15.1,1.45,-0.,-15.1,         343P    722
-18.1,-15.1,-15.1,1.45,-15.1,0.,-18.1,-15.1,0.,1.45,-15.1,15.1,      343P    723
-18.1,-15.1,15.1,1.45,-15.1,15.1,-18.1,0.,15.1,1.45,0.,15.1,         343P    724
-18.1,15.1,15.1,1.45,15.1,-0.,-18.1,15.1,-0.,1.45,15.1,-15.1,        343P    725
-18.1,15.1,-15.1,1.45,15.1,-15.1,-18.1,-0.,-15.1,1.45,-0.,           343P    726
-1.19867549668874,0.09602649006623,0.,94.87609813841175;             343P    727
508,11,0,295,52,0,0,0,295,53,0,0,0,295,55,1,0,0,295,58,0,0,0,        345P    728
295,60,0,0,0,295,62,0,0,0,295,63,1,0,0,295,64,0,0,0,295,65,0,0,      345P    729
0,295,67,0,0,0,295,68,0,0;                                           345P    730
510,343,1,1,345;                                                     347P    731
128,4,8,2,2,0,1,0,0,1,-0.,-0.,-0.,1.57079632679489,                  349P    732
1.57079632679489,3.14159265358979,3.14159265358979,                  349P    733
3.14159265358979,0.,0.,0.,1.5707963267949,1.5707963267949,           349P    734
3.14159265358979,3.14159265358979,4.71238898038469,                  349P    735
4.71238898038469,6.28318530717959,6.28318530717959,                  349P    736
6.28318530717959,1.,0.70710678118654,1.,0.70710678118654,1.,         349P    737
0.70710678118655,0.5,0.70710678118655,0.5,0.70710678118655,1.,       349P    738
0.70710678118654,1.,0.70710678118654,1.,0.70710678118655,0.5,        349P    739
0.70710678118655,0.5,0.70710678118655,1.,0.70710678118654,1.,        349P    740
0.70710678118654,1.,0.70710678118655,0.5,0.70710678118655,0.5,       349P    741
0.70710678118655,1.,0.70710678118654,1.,0.70710678118654,1.,         349P    742
0.70710678118655,0.5,0.70710678118655,0.5,0.70710678118655,1.,       349P    743
0.70710678118654,1.,0.70710678118654,1.,0.,1.45,-15.1,0.,1.95,       349P    744
-15.1,0.,1.95,-14.6,0.,1.95,-14.1,0.,1.45,-14.1,15.1,1.45,-15.1,     349P    745
15.1,1.95,-15.1,14.6,1.95,-14.6,14.1,1.95,-14.1,14.1,1.45,-14.1,     349P    746
15.1,1.45,0.,15.1,1.95,0.,14.6,1.95,0.,14.1,1.95,0.,14.1,1.45,       349P    747
0.,15.1,1.45,15.1,15.1,1.95,15.1,14.6,1.95,14.6,14.1,1.95,14.1,      349P    748
14.1,1.45,14.1,-0.,1.45,15.1,-0.,1.95,15.1,-0.,1.95,14.6,-0.,        349P    749
1.95,14.1,-0.,1.45,14.1,-15.1,1.45,15.1,-15.1,1.95,15.1,-14.6,       349P    750
1.95,14.6,-14.1,1.95,14.1,-14.1,1.45,14.1,-15.1,1.45,-0.,-15.1,      349P    751
1.95,-0.,-14.6,1.95,-0.,-14.1,1.95,-0.,-14.1,1.45,-0.,-15.1,         349P    752
1.45,-15.1,-15.1,1.95,-15.1,-14.6,1.95,-14.6,-14.1,1.95,-14.1,       349P    753
-14.1,1.45,-14.1,0.,1.45,-15.1,0.,1.95,-15.1,0.,1.95,-14.6,0.,       349P    754
1.95,-14.1,0.,1.45,-14.1,-0.,3.14159265358979,0.,                    349P    755
6.28318530717959;                                                    349P    756
508,5,0,295,11,0,0,0,295,70,1,0,0,295,68,1,0,0,295,71,0,0,0,295,     351P    757
73,1,0;                                                              351P    758
510,349,1,1,351;                                                     353P    759
128,4,8,2,2,0,1,0,0,1,0.,0.,0.,1.5707963267949,1.5707963267949,      355P    760
3.14159265358979,3.14159265358979,3.14159265358979,0.,0.,0.,         355P    761
1.5707963267949,1.5707963267949,3.14159265358979,                    355P    762
3.14159265358979,4.71238898038469,4.71238898038469,                  355P    763
6.28318530717959,6.28318530717959,6.28318530717959,1.,               355P    764
0.70710678118654,1.,0.70710678118654,1.,0.70710678118655,0.5,        355P    765
0.70710678118655,0.5,0.70710678118655,1.,0.70710678118654,1.,        355P    766
0.70710678118654,1.,0.70710678118655,0.5,0.70710678118655,0.5,       355P    767
0.70710678118655,1.,0.70710678118654,1.,0.70710678118654,1.,         355P    768
0.70710678118655,0.5,0.70710678118655,0.5,0.70710678118655,1.,       355P    769
0.70710678118654,1.,0.70710678118654,1.,0.70710678118655,0.5,        355P    770
0.70710678118655,0.5,0.70710678118655,1.,0.70710678118654,1.,        355P    771
0.70710678118654,1.,0.,1.45,-15.1,0.,1.95,-15.1,0.,1.95,-14.6,       355P    772
0.,1.95,-14.1,0.,1.45,-14.1,15.1,1.45,-15.1,15.1,1.95,-15.1,         355P    773
14.6,1.95,-14.6,14.1,1.95,-14.1,14.1,1.45,-14.1,15.1,1.45,0.,        355P    774
15.1,1.95,0.,14.6,1.95,0.,14.1,1.95,0.,14.1,1.45,0.,15.1,1.45,       355P    775
15.1,15.1,1.95,15.1,14.6,1.95,14.6,14.1,1.95,14.1,14.1,1.45,         355P    776
14.1,-0.,1.45,15.1,-0.,1.95,15.1,-0.,1.95,14.6,-0.,1.95,14.1,        355P    777
-0.,1.45,14.1,-15.1,1.45,15.1,-15.1,1.95,15.1,-14.6,1.95,14.6,       355P    778
-14.1,1.95,14.1,-14.1,1.45,14.1,-15.1,1.45,-0.,-15.1,1.95,-0.,       355P    779
-14.6,1.95,-0.,-14.1,1.95,-0.,-14.1,1.45,-0.,-15.1,1.45,-15.1,       355P    780
-15.1,1.95,-15.1,-14.6,1.95,-14.6,-14.1,1.95,-14.1,-14.1,1.45,       355P    781
-14.1,0.,1.45,-15.1,0.,1.95,-15.1,0.,1.95,-14.6,0.,1.95,-14.1,       355P    782
0.,1.45,-14.1,0.,3.14159265358979,0.,6.28318530717959;               355P    783
508,6,0,295,11,1,0,0,295,74,1,0,0,295,75,1,0,0,295,71,1,0,0,295,     357P    784
67,1,0,0,295,77,1,0;                                                 357P    785
510,355,1,1,357;                                                     359P    786
128,1,8,1,2,0,1,0,0,1,-1.19867549668874,-1.19867549668874,           361P    787
0.09602649006623,0.09602649006623,0.,0.,0.,23.71902453460294,        361P    788
23.71902453460294,47.43804906920587,47.43804906920587,               361P    789
71.15707360380881,71.15707360380881,94.87609813841175,               361P    790
94.87609813841175,94.87609813841175,1.,1.,0.70710678118655,          361P    791
0.70710678118655,1.,1.,0.70710678118655,0.70710678118655,1.,1.,      361P    792
0.70710678118655,0.70710678118655,1.,1.,0.70710678118655,            361P    793
0.70710678118655,1.,1.,-15.1,-18.1,-0.,-15.1,1.45,-0.,-15.1,         361P    794
-18.1,-15.1,-15.1,1.45,-15.1,0.,-18.1,-15.1,0.,1.45,-15.1,15.1,      361P    795
-18.1,-15.1,15.1,1.45,-15.1,15.1,-18.1,0.,15.1,1.45,0.,15.1,         361P    796
-18.1,15.1,15.1,1.45,15.1,-0.,-18.1,15.1,-0.,1.45,15.1,-15.1,        361P    797
-18.1,15.1,-15.1,1.45,15.1,-15.1,-18.1,-0.,-15.1,1.45,-0.,           361P    798
-1.19867549668874,0.09602649006623,0.,94.87609813841175;             361P    799
508,11,0,295,52,1,0,0,295,70,0,0,0,295,77,0,0,0,295,65,1,0,0,        363P    800
295,79,0,0,0,295,80,0,0,0,295,82,0,0,0,295,24,1,0,0,295,26,0,0,      363P    801
0,295,29,0,0,0,295,31,0,0;                                           363P    802
510,361,1,1,363;                                                     365P    803
128,1,1,1,1,0,0,1,0,0,0.,0.,29.2,29.2,0.,0.,29.2,29.2,1.,1.,1.,      367P    804
1.,-14.6,1.95,14.6,14.6,1.95,14.6,-14.6,1.95,-14.6,14.6,1.95,        367P    805
-14.6,0.,29.2,0.,29.2;                                               367P    806
508,3,0,295,75,0,0,0,295,74,0,0,0,295,73,0,0;                        369P    807
508,2,0,295,84,0,0,0,295,9,0,0;                                      371P    808
510,367,2,1,369,371;                                                 373P    809
128,1,1,1,1,0,0,1,0,0,0.,0.,1.00091861391445,1.00091861391445,       375P    810
0.,0.,0.9,0.9,1.,1.,1.,1.,7.00226404900206,-18.1,                    375P    811
-13.3782771008846,6.50180474204118,-18.1,-12.51145615411609,         375P    812
7.00226404900206,-17.2,-13.3782771008846,6.50180474204118,-17.2,     375P    813
-12.51145615411609,0.,1.00091861391445,0.,0.9;                       375P    814
508,4,0,295,85,0,0,0,295,60,1,0,0,295,86,0,0,0,295,87,0,0;           377P    815
510,375,1,1,377;                                                     379P    816
128,1,8,1,2,0,1,0,0,1,0.,0.,0.06382978723403,0.06382978723403,       381P    817
0.,0.,0.,22.14822820781276,22.14822820781276,44.29645641562551,      381P    818
44.29645641562551,66.44468462343826,66.44468462343826,               381P    819
88.59291283125103,88.59291283125103,88.59291283125103,1.,1.,         381P    820
0.70710678118655,0.70710678118655,1.,1.,0.70710678118655,            381P    821
0.70710678118655,1.,1.,0.70710678118655,0.70710678118655,1.,1.,      381P    822
0.70710678118655,0.70710678118655,1.,1.,6.50180474204117,-17.2,      381P    823
-12.51145615411612,6.50180474204117,-18.1,-12.51145615411612,        381P    824
-6.00965141207759,-17.2,-19.01326089615878,-6.00965141207759,        381P    825
-18.1,-19.01326089615878,-12.51145615412025,-17.2,                   381P    826
-6.50180474204002,-12.51145615412025,-18.1,-6.50180474204002,        381P    827
-19.01326089616291,-17.2,6.00965141207874,-19.01326089616291,        381P    828
-18.1,6.00965141207874,-6.50180474204415,-17.2,12.5114561541214,     381P    829
-6.50180474204415,-18.1,12.5114561541214,6.00965141207461,-17.2,     381P    830
19.01326089616406,6.00965141207461,-18.1,19.01326089616406,          381P    831
12.51145615411727,-17.2,6.5018047420453,12.51145615411727,-18.1,     381P    832
6.5018047420453,19.01326089615993,-17.2,-6.00965141207346,           381P    833
19.01326089615993,-18.1,-6.00965141207346,6.50180474204117,          381P    834
-17.2,-12.51145615411612,6.50180474204117,-18.1,                     381P    835
-12.51145615411612,0.,0.06382978723403,0.,88.59291283125103;         381P    836
508,4,0,295,36,1,0,0,295,87,1,0,0,295,88,0,0,0,295,89,0,0;           383P    837
510,381,1,1,383;                                                     385P    838
128,1,1,1,1,0,0,1,0,0,0.,0.,0.9,0.9,0.,0.,1.00091861391383,          387P    839
1.00091861391383,1.,1.,1.,1.,7.58433649676881,-17.2,                 387P    840
-11.88645615411848,7.58433649676881,-18.1,-11.88645615411848,        387P    841
8.08479580373256,-17.2,-12.75327710088461,8.08479580373256,          387P    842
-18.1,-12.75327710088461,0.,0.9,0.,1.00091861391383;                 387P    843
508,4,0,295,90,0,0,0,295,89,1,0,0,295,49,0,0,0,295,55,0,0;           389P    844
510,387,1,1,389;                                                     391P    845
128,1,1,1,1,0,0,1,0,0,0.,0.,1.58299106169139,1.58299106169139,       393P    846
0.,0.,1.49182094676616,1.49182094676616,1.,1.,1.,1.,                 393P    847
6.50180474204118,-18.1,-11.88645615411846,8.08479580373257,          393P    848
-18.1,-11.88645615411846,6.50180474204118,-18.1,                     393P    849
-13.37827710088461,8.08479580373257,-18.1,-13.37827710088461,0.,     393P    850
1.58299106169139,0.,1.49182094676616;                                393P    851
508,4,0,295,49,1,0,0,295,88,1,0,0,295,86,1,0,0,295,58,1,0;           395P    852
510,393,1,1,395;                                                     397P    853
128,1,1,1,1,0,0,1,0,0,0.,0.,0.9,0.9,0.,0.,1.00068550172048,          399P    854
1.00068550172048,1.,1.,1.,1.,8.01282435892367,-17.2,                 399P    855
12.79861890178151,8.01282435892367,-18.1,12.79861890178151,          399P    856
7.5124816080553,-17.2,11.9319998360975,7.5124816080553,-18.1,        399P    857
11.9319998360975,0.,0.9,0.,1.00068550172048;                         399P    858
508,4,0,295,92,0,0,0,295,29,1,0,0,295,54,0,0,0,295,57,0,0;           401P    859
510,399,1,1,401;                                                     403P    860
128,1,8,1,2,0,1,0,0,1,0.,0.,0.06382978723405,0.06382978723405,       405P    861
0.,0.,0.,22.14822820780443,22.14822820780443,44.29645641560886,      405P    862
44.29645641560886,66.44468462341328,66.44468462341328,               405P    863
88.59291283121772,88.59291283121772,88.59291283121772,1.,1.,         405P    864
0.70710678118655,0.70710678118655,1.,1.,0.70710678118655,            405P    865
0.70710678118655,1.,1.,0.70710678118655,0.70710678118655,1.,1.,      405P    866
0.70710678118655,0.70710678118655,1.,1.,7.51248160805531,-17.2,      405P    867
11.93199983609751,7.51248160805531,-18.1,11.93199983609751,          405P    868
19.44448144415083,-17.2,4.41951822804338,19.44448144415083,          405P    869
-18.1,4.41951822804338,11.9319998360967,-17.2,-7.51248160805214,     405P    870
11.9319998360967,-18.1,-7.51248160805214,4.41951822804257,-17.2,     405P    871
-19.44448144414767,4.41951822804257,-18.1,-19.44448144414767,        405P    872
-7.51248160805295,-17.2,-11.93199983609353,-7.51248160805295,        405P    873
-18.1,-11.93199983609353,-19.44448144414847,-17.2,                   405P    874
-4.4195182280394,-19.44448144414847,-18.1,-4.4195182280394,          405P    875
-11.93199983609434,-17.2,7.51248160805612,-11.93199983609434,        405P    876
-18.1,7.51248160805612,-4.41951822804021,-17.2,                      405P    877
19.44448144415164,-4.41951822804021,-18.1,19.44448144415164,         405P    878
7.51248160805531,-17.2,11.93199983609751,7.51248160805531,-18.1,     405P    879
11.93199983609751,0.,0.06382978723405,0.,88.59291283121772;          405P    880
508,4,0,295,38,1,0,0,295,57,1,0,0,295,93,0,0,0,295,61,0,0;           407P    881
510,405,1,1,407;                                                     409P    882
128,1,1,1,1,0,0,1,0,0,0.,0.,0.9,0.9,0.,0.,1.00068550172136,          411P    883
1.00068550172136,1.,1.,1.,1.,7.07751692283646,-18.1,                 411P    884
13.33861890178151,7.07751692283646,-17.2,13.33861890178151,          411P    885
6.57717417196477,-18.1,12.47199983609839,6.57717417196477,-17.2,     411P    886
12.47199983609839,0.,0.9,0.,1.00068550172136;                        411P    887
508,4,0,295,69,0,0,0,295,61,1,0,0,295,66,0,0,0,295,24,0,0;           413P    888
510,411,1,1,413;                                                     415P    889
128,1,1,1,1,0,0,1,0,0,0.,0.,1.40661906568405,1.40661906568405,       417P    890
0.,0.,1.43565018695893,1.43565018695893,1.,1.,1.,1.,                 417P    891
6.57717417196478,-18.1,13.33861890178155,6.57717417196478,-18.1,     417P    892
11.9319998360975,8.01282435892371,-18.1,13.33861890178155,           417P    893
8.01282435892371,-18.1,11.9319998360975,0.,1.40661906568405,0.,      417P    894
1.43565018695893;                                                    417P    895
508,4,0,295,66,1,0,0,295,93,1,0,0,295,54,1,0,0,295,26,1,0;           419P    896
510,417,1,1,419;                                                     421P    897
128,1,8,1,2,0,1,0,0,1,0.,0.,0.06382978723407,0.06382978723407,       423P    898
0.,0.,0.,22.14822820779972,22.14822820779972,44.29645641559944,      423P    899
44.29645641559944,66.44468462339916,66.44468462339916,               423P    900
88.59291283119889,88.59291283119889,88.59291283119889,1.,1.,         423P    901
0.70710678118655,0.70710678118655,1.,1.,0.70710678118655,            423P    902
0.70710678118655,1.,1.,0.70710678118655,0.70710678118655,1.,1.,      423P    903
0.70710678118655,0.70710678118655,1.,1.,-14.04448290254925,          423P    904
-17.2,1.25,-14.04448290254925,-18.1,1.25,-12.79448290254925,         423P    905
-17.2,15.29448290254399,-12.79448290254925,-18.1,                    423P    906
15.29448290254399,1.24999999999474,-17.2,14.044482902544,            423P    907
1.24999999999474,-18.1,14.044482902544,15.29448290253874,-17.2,      423P    908
12.794482902544,15.29448290253874,-18.1,12.794482902544,             423P    909
14.04448290253874,-17.2,-1.25,14.04448290253874,-18.1,-1.25,         423P    910
12.79448290253874,-17.2,-15.29448290254399,12.79448290253874,        423P    911
-18.1,-15.29448290254399,-1.25000000000525,-17.2,                    423P    912
-14.044482902544,-1.25000000000525,-18.1,-14.044482902544,           423P    913
-15.29448290254925,-17.2,-12.794482902544,-15.29448290254925,        423P    914
-18.1,-12.794482902544,-14.04448290254925,-17.2,1.25,                423P    915
-14.04448290254925,-18.1,1.25,0.,0.06382978723407,0.,                423P    916
88.59291283119889;                                                   423P    917
508,4,0,295,94,1,0,0,295,97,1,0,0,295,99,0,0,0,295,23,0,0;           425P    918
510,423,1,1,425;                                                     427P    919
128,1,1,1,1,0,0,1,0,0,0.,0.,0.9,0.9,0.,0.,1.0036897439882,           429P    920
1.0036897439882,1.,1.,1.,1.,-14.0444829025493,-17.2,-1.25,           429P    921
-14.0444829025493,-18.1,-1.25,-15.0481726465375,-17.2,-1.25,         429P    922
-15.0481726465375,-18.1,-1.25,0.,0.9,0.,1.0036897439882;             429P    923
508,4,0,295,78,0,0,0,295,23,1,0,0,295,100,0,0,0,295,63,0,0;          431P    924
510,429,1,1,431;                                                     433P    925
128,1,1,1,1,0,0,1,0,0,0.,0.,1.0036897439882,1.0036897439882,0.,      435P    926
0.,0.9,0.9,1.,1.,1.,1.,-15.0481726465375,-18.1,1.25,                 435P    927
-14.0444829025493,-18.1,1.25,-15.0481726465375,-17.2,1.25,           435P    928
-14.0444829025493,-17.2,1.25,0.,1.0036897439882,0.,0.9;              435P    929
508,4,0,295,101,0,0,0,295,80,1,0,0,295,102,0,0,0,295,97,0,0;         437P    930
510,435,1,1,437;                                                     439P    931
128,1,1,1,1,0,0,1,0,0,0.,0.,2.5,2.5,0.,0.,1.05551709743422,          441P    932
1.05551709743422,1.,1.,1.,1.,-15.09999999998347,-18.1,1.25,          441P    933
-15.09999999998347,-18.1,-1.25,-14.04448290254925,-18.1,1.25,        441P    934
-14.04448290254925,-18.1,-1.25,0.,2.5,0.,1.05551709743422;           441P    935
508,5,0,295,102,1,0,0,295,79,1,0,0,295,64,1,0,0,295,100,1,0,0,       443P    936
295,99,1,0;                                                          443P    937
510,441,1,1,443;                                                     445P    938
128,1,1,1,1,0,0,1,0,0,0.,0.,22.12568956937399,22.12568956937399,     447P    939
0.,0.,13.85,13.85,1.,1.,1.,1.,-15.04817264653752,-17.2,15.1,         447P    940
7.07751692283647,-17.2,15.1,-15.04817264653752,-17.2,1.25,           447P    941
7.07751692283647,-17.2,1.25,0.,22.12568956937399,0.,13.85;           447P    942
508,5,0,295,69,1,0,0,295,82,1,0,0,295,101,1,0,0,295,34,1,0,0,        449P    943
295,40,1,0;                                                          449P    944
510,447,1,1,449;                                                     451P    945
128,1,1,1,1,0,0,1,0,0,0.,0.,7.5875183919447,7.5875183919447,0.,      453P    946
0.,25.55189600266614,25.55189600266614,1.,1.,1.,1.,                  453P    947
7.5124816080553,-17.2,12.79861890178151,15.1,-17.2,                  453P    948
12.79861890178151,7.5124816080553,-17.2,-12.75327710088463,15.1,     453P    949
-17.2,-12.75327710088463,0.,7.5875183919447,0.,                      453P    950
25.55189600266614;                                                   453P    951
508,5,0,295,90,1,0,0,295,53,1,0,0,295,31,1,0,0,295,92,1,0,0,295,     455P    952
37,1,0;                                                              455P    953
510,453,1,1,455;                                                     457P    954
128,1,8,1,2,0,1,0,0,1,-0.,-0.,15.75,15.75,0.,0.,0.,                  459P    955
0.62831853071796,0.62831853071796,1.25663706143592,                  459P    956
1.25663706143592,1.88495559215388,1.88495559215388,                  459P    957
2.51327412287183,2.51327412287183,2.51327412287183,1.,1.,            459P    958
0.70710678118655,0.70710678118655,1.,1.,0.70710678118655,            459P    959
0.70710678118655,1.,1.,0.70710678118655,0.70710678118655,1.,1.,      459P    960
0.70710678118655,0.70710678118655,1.,1.,-7.1,-15.2,-0.,-7.1,         459P    961
-21.5,-0.,-7.1,-15.2,-0.4,-7.1,-21.5,-0.4,-7.5,-15.2,-0.4,-7.5,      459P    962
-21.5,-0.4,-7.9,-15.2,-0.4,-7.9,-21.5,-0.4,-7.9,-15.2,0.,-7.9,       459P    963
-21.5,0.,-7.9,-15.2,0.4,-7.9,-21.5,0.4,-7.5,-15.2,0.4,-7.5,          459P    964
-21.5,0.4,-7.1,-15.2,0.4,-7.1,-21.5,0.4,-7.1,-15.2,-0.,-7.1,         459P    965
-21.5,-0.,-0.,15.75,0.,2.51327412287183;                             459P    966
508,4,0,295,47,1,0,0,295,103,0,0,0,295,50,1,0,0,295,105,0,0;         461P    967
510,459,1,1,461;                                                     463P    968
128,1,1,1,1,0,0,1,0,0,0.,0.,0.8,0.8,0.,0.,0.8,0.8,1.,1.,1.,1.,       465P    969
-7.9,-21.5,0.4,-7.1,-21.5,0.4,-7.9,-21.5,-0.4,-7.1,-21.5,-0.4,       465P    970
0.,0.8,0.,0.8;                                                       465P    971
508,2,0,295,103,1,0,0,295,51,1,0;                                    467P    972
510,465,1,1,467;                                                     469P    973
128,1,8,1,2,0,1,0,0,1,-0.,-0.,15.75,15.75,0.,0.,0.,                  471P    974
0.62831853071796,0.62831853071796,1.25663706143592,                  471P    975
1.25663706143592,1.88495559215388,1.88495559215388,                  471P    976
2.51327412287183,2.51327412287183,2.51327412287183,1.,1.,            471P    977
0.70710678118655,0.70710678118655,1.,1.,0.70710678118655,            471P    978
0.70710678118655,1.,1.,0.70710678118655,0.70710678118655,1.,1.,      471P    979
0.70710678118655,0.70710678118655,1.,1.,7.9,-15.2,-0.,7.9,-21.5,     471P    980
-0.,7.9,-15.2,-0.4,7.9,-21.5,-0.4,7.5,-15.2,-0.4,7.5,-21.5,-0.4,     471P    981
7.1,-15.2,-0.4,7.1,-21.5,-0.4,7.1,-15.2,0.,7.1,-21.5,0.,7.1,         471P    982
-15.2,0.4,7.1,-21.5,0.4,7.5,-15.2,0.4,7.5,-21.5,0.4,7.9,-15.2,       471P    983
0.4,7.9,-21.5,0.4,7.9,-15.2,-0.,7.9,-21.5,-0.,-0.,15.75,0.,          471P    984
2.51327412287183;                                                    471P    985
508,4,0,295,41,1,0,0,295,107,0,0,0,295,44,1,0,0,295,83,0,0;          473P    986
510,471,1,1,473;                                                     475P    987
128,1,1,1,1,0,0,1,0,0,0.,0.,0.8,0.8,0.,0.,0.8,0.8,1.,1.,1.,1.,       477P    988
7.1,-21.5,0.4,7.9,-21.5,0.4,7.1,-21.5,-0.4,7.9,-21.5,-0.4,0.,        477P    989
0.8,0.,0.8;                                                          477P    990
508,2,0,295,107,1,0,0,295,45,1,0;                                    479P    991
510,477,1,1,479;                                                     481P    992
314,1.56862754374743,1.56862754374743,1.56862754374743,10HMixedC     483P    993
olor;                                                                483P    994
128,4,8,2,2,0,1,0,0,1,0.,0.,0.,1.5707963267949,1.5707963267949,      485P    995
3.14159265358979,3.14159265358979,3.14159265358979,0.,0.,0.,         485P    996
1.5707963267949,1.5707963267949,3.14159265358979,                    485P    997
3.14159265358979,4.71238898038469,4.71238898038469,                  485P    998
6.28318530717959,6.28318530717959,6.28318530717959,1.,               485P    999
0.70710678118655,1.,0.70710678118655,1.,0.70710678118655,0.5,        485P   1000
0.70710678118655,0.5,0.70710678118655,1.,0.70710678118655,1.,        485P   1001
0.70710678118655,1.,0.70710678118655,0.5,0.70710678118655,0.5,       485P   1002
0.70710678118655,1.,0.70710678118655,1.,0.70710678118655,1.,         485P   1003
0.70710678118655,0.5,0.70710678118655,0.5,0.70710678118655,1.,       485P   1004
0.70710678118655,1.,0.70710678118655,1.,0.70710678118655,0.5,        485P   1005
0.70710678118655,0.5,0.70710678118655,1.,0.70710678118655,1.,        485P   1006
0.70710678118655,1.,0.,-17.2,-14.1,0.,-15.2,-14.1,0.,-15.2,          485P   1007
-12.1,0.,-15.2,-10.1,0.,-17.2,-10.1,14.1,-17.2,-14.1,14.1,-15.2,     485P   1008
-14.1,12.1,-15.2,-12.1,10.1,-15.2,-10.1,10.1,-17.2,-10.1,14.1,       485P   1009
-17.2,0.,14.1,-15.2,0.,12.1,-15.2,0.,10.1,-15.2,0.,10.1,-17.2,       485P   1010
0.,14.1,-17.2,14.1,14.1,-15.2,14.1,12.1,-15.2,12.1,10.1,-15.2,       485P   1011
10.1,10.1,-17.2,10.1,-0.,-17.2,14.1,-0.,-15.2,14.1,-0.,-15.2,        485P   1012
12.1,-0.,-15.2,10.1,-0.,-17.2,10.1,-14.1,-17.2,14.1,-14.1,-15.2,     485P   1013
14.1,-12.1,-15.2,12.1,-10.1,-15.2,10.1,-10.1,-17.2,10.1,-14.1,       485P   1014
-17.2,-0.,-14.1,-15.2,-0.,-12.1,-15.2,-0.,-10.1,-15.2,-0.,-10.1,     485P   1015
-17.2,-0.,-14.1,-17.2,-14.1,-14.1,-15.2,-14.1,-12.1,-15.2,-12.1,     485P   1016
-10.1,-15.2,-10.1,-10.1,-17.2,-10.1,0.,-17.2,-14.1,0.,-15.2,         485P   1017
-14.1,0.,-15.2,-12.1,0.,-15.2,-10.1,0.,-17.2,-10.1,0.,               485P   1018
3.14159265358979,0.,6.28318530717959;                                485P   1019
508,6,0,295,25,1,0,0,295,34,0,0,0,295,94,0,0,0,295,108,0,0,0,        487P   1020
295,32,1,0,0,295,109,1,0;                                            487P   1021
510,485,1,1,487;                                                     489P   1022
314,1.56862754374743,1.56862754374743,1.56862754374743,10HMixedC     491P   1023
olor;                                                                491P   1024
128,1,1,1,1,0,0,1,0,0,0.,0.,24.2,24.2,0.,0.,24.2,24.2,1.,1.,1.,      493P   1025
1.,-12.1,-15.2,12.1,12.1,-15.2,12.1,-12.1,-15.2,-12.1,12.1,          493P   1026
-15.2,-12.1,0.,24.2,0.,24.2;                                         493P   1027
508,3,0,295,30,0,0,0,295,27,0,0,0,295,109,0,0;                       495P   1028
508,2,0,295,48,1,0,0,295,105,1,0;                                    497P   1029
508,2,0,295,42,1,0,0,295,83,1,0;                                     499P   1030
510,493,3,1,495,497,499;                                             501P   1031
314,99.60784316062927,83.52941274642944,0.,10HMixedColor;            503P   1032
128,1,1,1,1,0,0,1,0,0,0.,0.,28.2,28.2,0.,0.,28.2,28.2,1.,1.,1.,      505P   1033
1.,-14.1,-3.2,14.1,14.1,-3.2,14.1,-14.1,-3.2,-14.1,14.1,-3.2,        505P   1034
-14.1,0.,28.2,0.,28.2;                                               505P   1035
508,2,0,295,110,0,0,0,295,19,0,0;                                    507P   1036
510,505,1,1,507;                                                     509P   1037
128,1,8,1,2,0,1,0,0,1,0.,0.,0.22695035460993,0.22695035460993,       511P   1038
0.,0.,0.,22.14822820780804,22.14822820780804,44.29645641561608,      511P   1039
44.29645641561608,66.44468462342412,66.44468462342412,               511P   1040
88.59291283123217,88.59291283123217,88.59291283123217,1.,1.,         511P   1041
0.70710678118655,0.70710678118655,1.,1.,0.70710678118655,            511P   1042
0.70710678118655,1.,1.,0.70710678118655,0.70710678118655,1.,1.,      511P   1043
0.70710678118655,0.70710678118655,1.,1.,14.1,0.,-0.,14.1,-3.2,       511P   1044
-0.,14.1,0.,-14.1,14.1,-3.2,-14.1,-0.,0.,-14.1,-0.,-3.2,-14.1,       511P   1045
-14.1,0.,-14.1,-14.1,-3.2,-14.1,-14.1,0.,0.,-14.1,-3.2,0.,-14.1,     511P   1046
0.,14.1,-14.1,-3.2,14.1,0.,0.,14.1,0.,-3.2,14.1,14.1,0.,14.1,        511P   1047
14.1,-3.2,14.1,14.1,0.,-0.,14.1,-3.2,-0.,0.,0.22695035460993,0.,     511P   1048
88.59291283123217;                                                   511P   1049
508,4,0,295,21,1,0,0,295,76,0,0,0,295,15,1,0,0,295,110,1,0;          513P   1050
510,511,1,1,513;                                                     515P   1051
128,1,1,1,1,0,0,1,0,0,0.,0.,22.05043669553956,22.05043669553956,     517P   1052
0.,0.,13.85,13.85,1.,1.,1.,1.,-15.04817264653752,-17.2,-1.25,        517P   1053
7.00226404900205,-17.2,-1.25,-15.04817264653752,-17.2,-15.1,         517P   1054
7.00226404900205,-17.2,-15.1,0.,22.05043669553956,0.,13.85;          517P   1055
508,5,0,295,85,1,0,0,295,35,1,0,0,295,108,1,0,0,295,78,1,0,0,        519P   1056
295,62,1,0;                                                          519P   1057
510,517,1,1,519;                                                     521P   1058
128,1,1,1,1,0,0,1,0,0,0.,0.,0.5,0.5,0.,0.,0.15,0.15,1.,1.,1.,1.,     523P   1059
5.5,2.,-0.25,5.5,2.,0.25,5.5,2.15,-0.25,5.5,2.15,0.25,0.,0.5,0.,     523P   1060
0.15;                                                                523P   1061
508,4,0,295,112,0,0,0,295,113,1,0,0,295,4,0,0,0,295,115,0,0;         525P   1062
510,523,1,1,525;                                                     527P   1063
128,1,1,1,1,0,0,1,0,0,0.,0.,4.,4.,0.,0.,0.15,0.15,1.,1.,1.,1.,       529P   1064
5.5,2.,0.25,9.5,2.,0.25,5.5,2.15,0.25,9.5,2.15,0.25,0.,4.,0.,        529P   1065
0.15;                                                                529P   1066
508,4,0,295,96,0,0,0,295,98,1,0,0,295,22,0,0,0,295,113,0,0;          531P   1067
510,529,1,1,531;                                                     533P   1068
128,1,1,1,1,0,0,1,0,0,0.,0.,0.15,0.15,0.,0.,4.,4.,1.,1.,1.,1.,       535P   1069
9.5,2.15,-0.25,9.5,2.,-0.25,5.5,2.15,-0.25,5.5,2.,-0.25,0.,0.15,     535P   1070
0.,4.;                                                               535P   1071
508,4,0,295,72,0,0,0,295,115,1,0,0,295,116,0,0,0,295,81,0,0;         537P   1072
510,535,1,1,537;                                                     539P   1073
128,1,1,1,1,0,0,1,0,0,0.,0.,0.15,0.15,0.,0.,0.5,0.5,1.,1.,1.,1.,     541P   1074
9.5,2.,-0.25,9.5,2.15,-0.25,9.5,2.,0.25,9.5,2.15,0.25,0.,0.15,       541P   1075
0.,0.5;                                                              541P   1076
508,4,0,295,1,0,0,0,295,81,1,0,0,295,117,0,0,0,295,98,0,0;           543P   1077
510,541,1,1,543;                                                     545P   1078
128,1,1,1,1,0,0,1,0,0,0.,0.,4.,4.,0.,0.,0.5,0.5,1.,1.,1.,1.,5.5,     547P   1079
2.15,0.25,9.5,2.15,0.25,5.5,2.15,-0.25,9.5,2.15,-0.25,0.,4.,0.,      547P   1080
0.5;                                                                 547P   1081
508,4,0,295,22,1,0,0,295,117,1,0,0,295,116,1,0,0,295,4,1,0;          549P   1082
510,547,1,1,549;                                                     551P   1083
128,1,1,1,1,0,0,1,0,0,0.,0.,0.15,0.15,0.,0.,1.75,1.75,1.,1.,1.,      553P   1084
1.,-5.5,2.15,-0.25,-5.5,2.,-0.25,-7.25,2.15,-0.25,-7.25,2.,          553P   1085
-0.25,0.,0.15,0.,1.75;                                               553P   1086
508,4,0,295,118,0,0,0,295,33,1,0,0,295,119,0,0,0,295,120,0,0;        555P   1087
510,553,1,1,555;                                                     557P   1088
128,1,1,1,1,0,0,1,0,0,0.,0.,1.75,1.75,0.,0.,0.15,0.15,1.,1.,1.,      559P   1089
1.,-7.25,2.,-0.25,-7.25,2.,-2.,-7.25,2.15,-0.25,-7.25,2.15,-2.,      559P   1090
0.,1.75,0.,0.15;                                                     559P   1091
508,4,0,295,28,0,0,0,295,121,1,0,0,295,104,0,0,0,295,33,0,0;         561P   1092
510,559,1,1,561;                                                     563P   1093
128,1,1,1,1,0,0,1,0,0,0.,0.,0.5,0.5,0.,0.,0.15,0.15,1.,1.,1.,1.,     565P   1094
-7.25,2.,-2.,-7.75,2.,-2.,-7.25,2.15,-2.,-7.75,2.15,-2.,0.,0.5,      565P   1095
0.,0.15;                                                             565P   1096
508,4,0,295,122,0,0,0,295,106,1,0,0,295,123,0,0,0,295,121,0,0;       567P   1097
510,565,1,1,567;                                                     569P   1098
128,1,1,1,1,0,0,1,0,0,0.,0.,0.15,0.15,0.,0.,1.75,1.75,1.,1.,1.,      571P   1099
1.,-7.75,2.,-0.25,-7.75,2.15,-0.25,-7.75,2.,-2.,-7.75,2.15,-2.,      571P   1100
0.,0.15,0.,1.75;                                                     571P   1101
508,4,0,295,124,0,0,0,295,10,1,0,0,295,91,0,0,0,295,106,0,0;         573P   1102
510,571,1,1,573;                                                     575P   1103
128,1,1,1,1,0,0,1,0,0,0.,0.,1.75,1.75,0.,0.,0.15,0.15,1.,1.,1.,      577P   1104
1.,-7.75,2.,-0.25,-9.5,2.,-0.25,-7.75,2.15,-0.25,-9.5,2.15,          577P   1105
-0.25,0.,1.75,0.,0.15;                                               577P   1106
508,4,0,295,46,0,0,0,295,43,1,0,0,295,56,0,0,0,295,10,0,0;           579P   1107
510,577,1,1,579;                                                     581P   1108
128,1,1,1,1,0,0,1,0,0,0.,0.,0.5,0.5,0.,0.,0.15,0.15,1.,1.,1.,1.,     583P   1109
-9.5,2.,-0.25,-9.5,2.,0.25,-9.5,2.15,-0.25,-9.5,2.15,0.25,0.,        583P   1110
0.5,0.,0.15;                                                         583P   1111
508,4,0,295,125,0,0,0,295,39,1,0,0,295,126,0,0,0,295,43,0,0;         585P   1112
510,583,1,1,585;                                                     587P   1113
128,1,1,1,1,0,0,1,0,0,0.,0.,0.15,0.15,0.,0.,0.5,0.5,1.,1.,1.,1.,     589P   1114
-5.5,2.,-0.25,-5.5,2.15,-0.25,-5.5,2.,0.25,-5.5,2.15,0.25,0.,        589P   1115
0.15,0.,0.5;                                                         589P   1116
508,4,0,295,18,0,0,0,295,120,1,0,0,295,127,0,0,0,295,59,0,0;         591P   1117
510,589,1,1,591;                                                     593P   1118
128,1,1,1,1,0,0,1,0,0,0.,0.,1.75,1.75,0.,0.,0.15,0.15,1.,1.,1.,      595P   1119
1.,-7.25,2.,0.25,-5.5,2.,0.25,-7.25,2.15,0.25,-5.5,2.15,0.25,0.,     595P   1120
1.75,0.,0.15;                                                        595P   1121
508,4,0,295,128,0,0,0,295,59,1,0,0,295,114,0,0,0,295,111,0,0;        597P   1122
510,595,1,1,597;                                                     599P   1123
128,1,1,1,1,0,0,1,0,0,0.,0.,0.15,0.15,0.,0.,1.75,1.75,1.,1.,1.,      601P   1124
1.,-7.25,2.,0.25,-7.25,2.15,0.25,-7.25,2.,2.,-7.25,2.15,2.,0.,       601P   1125
0.15,0.,1.75;                                                        601P   1126
508,4,0,295,95,0,0,0,295,111,1,0,0,295,129,0,0,0,295,130,0,0;        603P   1127
510,601,1,1,603;                                                     605P   1128
128,1,1,1,1,0,0,1,0,0,0.,0.,0.5,0.5,0.,0.,0.15,0.15,1.,1.,1.,1.,     607P   1129
-7.75,2.,2.,-7.25,2.,2.,-7.75,2.15,2.,-7.25,2.15,2.,0.,0.5,0.,       607P   1130
0.15;                                                                607P   1131
508,4,0,295,131,0,0,0,295,130,1,0,0,295,132,0,0,0,295,133,0,0;       609P   1132
510,607,1,1,609;                                                     611P   1133
128,1,1,1,1,0,0,1,0,0,0.,0.,1.75,1.75,0.,0.,0.15,0.15,1.,1.,1.,      613P   1134
1.,-7.75,2.,0.25,-7.75,2.,2.,-7.75,2.15,0.25,-7.75,2.15,2.,0.,       613P   1135
1.75,0.,0.15;                                                        613P   1136
508,4,0,295,134,0,0,0,295,133,1,0,0,295,135,0,0,0,295,136,0,0;       615P   1137
510,613,1,1,615;                                                     617P   1138
128,1,1,1,1,0,0,1,0,0,0.,0.,1.75,1.75,0.,0.,0.15,0.15,1.,1.,1.,      619P   1139
1.,-9.5,2.,0.25,-7.75,2.,0.25,-9.5,2.15,0.25,-7.75,2.15,0.25,0.,     619P   1140
1.75,0.,0.15;                                                        619P   1141
508,4,0,295,137,0,0,0,295,136,1,0,0,295,138,0,0,0,295,39,0,0;        621P   1142
510,619,1,1,621;                                                     623P   1143
128,1,1,1,1,0,0,1,0,0,0.,0.,4.,4.,0.,0.,4.,4.,1.,1.,1.,1.,-9.5,      625P   1144
2.15,2.,-5.5,2.15,2.,-9.5,2.15,-2.,-5.5,2.15,-2.,0.,4.,0.,4.;        625P   1145
508,12,0,295,126,1,0,0,295,138,1,0,0,295,135,1,0,0,295,132,1,0,      627P   1146
0,295,129,1,0,0,295,114,1,0,0,295,127,1,0,0,295,119,1,0,0,295,       627P   1147
104,1,0,0,295,123,1,0,0,295,91,1,0,0,295,56,1,0;                     627P   1148
510,625,1,1,627;                                                     629P   1149
314,1.96078438311815,1.96078438311815,1.96078438311815,10HMixedC     631P   1150
olor;                                                                631P   1151
128,1,8,1,2,0,1,0,0,1,0.,0.,0.57971014492754,0.57971014492754,       633P   1152
0.,0.,0.,5.41924732744239,5.41924732744239,10.83849465488479,        633P   1153
10.83849465488479,16.25774198232718,16.25774198232718,               633P   1154
21.67698930976957,21.67698930976957,21.67698930976957,1.,1.,         633P   1155
0.70710678118655,0.70710678118655,1.,1.,0.70710678118655,            633P   1156
0.70710678118655,1.,1.,0.70710678118655,0.70710678118655,1.,1.,      633P   1157
0.70710678118655,0.70710678118655,1.,1.,-3.45,0.,-0.,-3.45,2.,       633P   1158
-0.,-3.45,0.,-3.45,-3.45,2.,-3.45,0.,0.,-3.45,0.,2.,-3.45,3.45,      633P   1159
0.,-3.45,3.45,2.,-3.45,3.45,0.,0.,3.45,2.,0.,3.45,0.,3.45,3.45,      633P   1160
2.,3.45,-0.,0.,3.45,-0.,2.,3.45,-3.45,0.,3.45,-3.45,2.,3.45,         633P   1161
-3.45,0.,-0.,-3.45,2.,-0.,0.,0.57971014492754,0.,                    633P   1162
21.67698930976957;                                                   633P   1163
508,4,0,295,20,1,0,0,295,139,0,0,0,295,3,1,0,0,295,140,0,0;          635P   1164
510,633,1,1,635;                                                     637P   1165
314,1.96078438311815,1.96078438311815,1.96078438311815,10HMixedC     639P   1166
olor;                                                                639P   1167
128,1,8,1,2,0,1,0,0,1,0.,0.,5.33333333333333,5.33333333333333,       641P   1168
0.,0.,0.,0.58904862254809,0.58904862254809,1.17809724509617,         641P   1169
1.17809724509617,1.76714586764426,1.76714586764426,                  641P   1170
2.35619449019234,2.35619449019234,2.35619449019234,1.,1.,            641P   1171
0.70710678118655,0.70710678118655,1.,1.,0.70710678118655,            641P   1172
0.70710678118655,1.,1.,0.70710678118655,0.70710678118655,1.,1.,      641P   1173
0.70710678118655,0.70710678118655,1.,1.,-0.375,0.,-11.5,-0.375,      641P   1174
2.,-11.5,-0.375,0.,-11.875,-0.375,2.,-11.875,0.,0.,-11.875,0.,       641P   1175
2.,-11.875,0.375,0.,-11.875,0.375,2.,-11.875,0.375,0.,-11.5,         641P   1176
0.375,2.,-11.5,0.375,0.,-11.125,0.375,2.,-11.125,0.,0.,-11.125,      641P   1177
0.,2.,-11.125,-0.375,0.,-11.125,-0.375,2.,-11.125,-0.375,0.,         641P   1178
-11.5,-0.375,2.,-11.5,0.,5.33333333333333,0.,2.35619449019234;       641P   1179
508,4,0,295,17,1,0,0,295,141,0,0,0,295,8,1,0,0,295,142,0,0;          643P   1180
510,641,1,1,643;                                                     645P   1181
314,1.96078438311815,1.96078438311815,1.96078438311815,10HMixedC     647P   1182
olor;                                                                647P   1183
128,1,8,1,2,0,1,0,0,1,0.15,0.15,0.15384615384615,                    649P   1184
0.15384615384615,0.,0.,0.,20.42035224833366,20.42035224833366,       649P   1185
40.84070449666731,40.84070449666731,61.26105674500096,               649P   1186
61.26105674500096,81.68140899333463,81.68140899333463,               649P   1187
81.68140899333463,1.,1.,0.70710678118655,0.70710678118655,1.,1.,     649P   1188
0.70710678118655,0.70710678118655,1.,1.,0.70710678118655,            649P   1189
0.70710678118655,1.,1.,0.70710678118655,0.70710678118655,1.,1.,      649P   1190
-13.,1.95,-0.,-13.,2.,-0.,-13.,1.95,-13.,-13.,2.,-13.,0.,1.95,       649P   1191
-13.,0.,2.,-13.,13.,1.95,-13.,13.,2.,-13.,13.,1.95,0.,13.,2.,0.,     649P   1192
13.,1.95,13.,13.,2.,13.,-0.,1.95,13.,-0.,2.,13.,-13.,1.95,13.,       649P   1193
-13.,2.,13.,-13.,1.95,-0.,-13.,2.,-0.,0.15,0.15384615384615,0.,      649P   1194
81.68140899333463;                                                   649P   1195
508,4,0,295,6,1,0,0,295,143,0,0,0,295,13,1,0,0,295,84,1,0;           651P   1196
510,649,1,1,651;                                                     653P   1197
314,1.96078438311815,1.96078438311815,1.96078438311815,10HMixedC     655P   1198
olor;                                                                655P   1199
128,1,1,1,1,0,0,1,0,0,0.,0.,28.2,28.2,0.,0.,28.2,28.2,1.,1.,1.,      657P   1200
1.,-14.1,0.,14.1,14.1,0.,14.1,-14.1,0.,-14.1,14.1,0.,-14.1,0.,       657P   1201
28.2,0.,28.2;                                                        657P   1202
508,2,0,295,76,1,0,0,295,2,1,0;                                      659P   1203
508,2,0,295,139,1,0,0,295,7,1,0;                                     661P   1204
508,2,0,295,141,1,0,0,295,12,1,0;                                    663P   1205
510,657,3,1,659,661,663;                                             665P   1206
314,1.96078438311815,1.96078438311815,1.96078438311815,10HMixedC     667P   1207
olor;                                                                667P   1208
128,1,1,1,1,0,0,1,0,0,0.,0.,26.,26.,0.,0.,26.,26.,1.,1.,1.,1.,       669P   1209
-13.,2.,13.,13.,2.,13.,-13.,2.,-13.,13.,2.,-13.,0.,26.,0.,26.;       669P   1210
508,2,0,295,143,1,0,0,295,14,1,0;                                    671P   1211
508,2,0,295,16,1,0,0,295,140,1,0;                                    673P   1212
508,12,0,295,46,1,0,0,295,124,1,0,0,295,122,1,0,0,295,28,1,0,0,      675P   1213
295,118,1,0,0,295,18,1,0,0,295,128,1,0,0,295,95,1,0,0,295,131,1,     675P   1214
0,0,295,134,1,0,0,295,137,1,0,0,295,125,1,0;                         675P   1215
508,4,0,295,112,1,0,0,295,72,1,0,0,295,1,1,0,0,295,96,1,0;           677P   1216
508,2,0,295,5,1,0,0,295,142,1,0;                                     679P   1217
510,669,5,1,671,673,675,677,679;                                     681P   1218
514,58,299,1,307,0,315,0,321,0,329,0,335,1,341,1,347,1,353,1,        683P   1219
359,1,365,1,373,1,379,1,385,0,391,1,397,0,403,1,409,0,415,1,421,     683P   1220
1,427,0,433,1,439,1,445,1,451,0,457,0,463,1,469,0,475,1,481,0,       683P   1221
489,0,501,0,509,1,515,0,521,0,527,1,533,1,539,1,545,1,551,1,557,     683P   1222
1,563,1,569,1,575,1,581,1,587,1,593,1,599,1,605,1,611,1,617,1,       683P   1223
623,1,629,1,637,0,645,0,653,1,665,0,681,1;                           683P   1224
186,683,1,0;                                                         685P   1225
S      1G      3D    686P   1225                                        T      1
